model,model_group,finding,dimension,auroc_gap,gap_ci_lo,gap_ci_hi,sens_gap,spec_gap,fpr_gap,fnr_gap,ece_gap
ResNet50-ImageNet,clean,Atelectasis,Gender,0.0250925292988603,0.001791608024035976,0.1628982676123751,0.005448194881184587,0.06048387096774188,0.06048387096774188,0.0054481948811845315,0.01208182319478824
ResNet50-ImageNet,clean,Atelectasis,Age,0.2568645193232312,0.12194472438254994,0.4157631023054314,0.1012048644996622,0.2857142857142857,0.2857142857142857,0.10120486449966226,0.019974546282479494
ResNet50-ImageNet,clean,Atelectasis,Race,0.0765738136719456,0.012328602743854656,0.29674290835054906,0.05082445368116778,0.09090909090909094,0.09090909090909094,0.050824453681167725,0.016246020323604997
ResNet50-ImageNet,clean,Cardiomegaly,Gender,0.045183153659826614,0.023035802718933383,0.06799983294717489,0.029377847638037302,0.05677563765553062,0.05677563765553062,0.029377847638037302,0.017159073171724215
ResNet50-ImageNet,clean,Cardiomegaly,Age,0.10761326187239262,0.08102434341676491,0.13264088484302844,0.0371022685779826,0.29199016563146996,0.29199016563146996,0.0371022685779826,0.021832525980076203
ResNet50-ImageNet,clean,Cardiomegaly,Race,0.041574894004442475,0.01691172712940298,0.09238448895487077,0.051593248654890234,0.097811510257654,0.097811510257654,0.051593248654890234,0.025627200384130647
ResNet50-ImageNet,clean,Consolidation,Gender,0.0011268333669749442,0.00036311253795431875,0.019948930793305175,0.007385670073856709,0.010533790685091304,0.010533790685091304,0.007385670073856709,0.005692955371204497
ResNet50-ImageNet,clean,Consolidation,Age,0.024646899172758308,0.007037959290364109,0.04857082560952523,0.00863572433192683,0.08228057656629084,0.08228057656629084,0.00863572433192683,0.014125601152292562
ResNet50-ImageNet,clean,Consolidation,Race,0.06009973203217722,0.018914881366585794,0.12030027380597125,0.11764189070462139,0.034554485627701026,0.034554485627701026,0.11764189070462139,0.0440737982718859
ResNet50-ImageNet,clean,Edema,Gender,0.019075577895084295,0.002867690067896744,0.03753200062924784,0.0007594637045101882,0.01737640446245392,0.01737640446245392,0.0007594637045101882,0.0038531089062440425
ResNet50-ImageNet,clean,Edema,Age,0.021799932416502688,0.006502391136769203,0.044745098142358136,0.07493172114142876,0.08512894818929173,0.08512894818929173,0.07493172114142876,0.015956793070090475
ResNet50-ImageNet,clean,Edema,Race,0.039948731598983045,0.013852302273581358,0.08497276220882802,0.07963020242636698,0.03701417723413014,0.03701417723413014,0.07963020242636698,0.029979691416285904
ResNet50-ImageNet,clean,Enlarged Cardiomediastinum,Gender,0.004924664500944753,0.0005228364403452673,0.040290061325388475,0.04676418818463002,0.033298717471431094,0.033298717471431094,0.04676418818463002,0.019962418691273548
ResNet50-ImageNet,clean,Enlarged Cardiomediastinum,Age,0.044085176491335254,0.014039937058649032,0.09091107124158165,0.16474743150684934,0.2460182204964768,0.2460182204964768,0.16474743150684934,0.03900262899385547
ResNet50-ImageNet,clean,Enlarged Cardiomediastinum,Race,0.016737370678163277,0.015729754071986856,0.118825656653481,0.07741420590582604,0.05252493076017806,0.05252493076017806,0.07741420590582604,0.013234302005274298
ResNet50-ImageNet,clean,Lung Opacity,Gender,0.005898050937159005,0.0007624153998864347,0.04531626399390777,0.010547634943121276,0.020180369636429774,0.020180369636429774,0.010547634943121276,0.00025703057036105884
ResNet50-ImageNet,clean,Lung Opacity,Age,0.054363919511709824,0.01722588234533484,0.109093362283141,0.12187102396430982,0.21703923357664234,0.21703923357664234,0.12187102396430982,0.008660931487321626
ResNet50-ImageNet,clean,Lung Opacity,Race,0.018652851371236734,0.014034594248411808,0.116553113616917,0.05784891540925874,0.061881188118811936,0.061881188118811936,0.05784891540925874,0.016514544472915442
ResNet50-ImageNet,clean,Pleural Effusion,Gender,0.017243803413449,0.0067462081951295575,0.027601733362084616,0.02468160444931422,0.005125122761448275,0.005125122761448275,0.02468160444931422,0.00186398795949776
ResNet50-ImageNet,clean,Pleural Effusion,Age,0.03441324466864504,0.02040680752234223,0.04934643372227805,0.07354544218112291,0.15278846370160404,0.15278846370160404,0.07354544218112291,0.011731245282747917
ResNet50-ImageNet,clean,Pleural Effusion,Race,0.02535409681940881,0.008989139942091556,0.05200910841157143,0.07089533379504975,0.010706055351930255,0.010706055351930255,0.07089533379504975,0.04376315953576286
ResNet50-ImageNet,clean,Pneumonia,Gender,0.06213167632707861,0.004525884636471691,0.1353837345417096,0.06299461855017419,0.051896551724137874,0.051896551724137874,0.06299461855017419,0.02590466402330066
ResNet50-ImageNet,clean,Pneumonia,Age,0.050912083563901644,0.013315840371741671,0.14874330887869264,0.07379321591650367,0.08991228070175439,0.08991228070175439,0.07379321591650367,0.03499975310276715
ResNet50-ImageNet,clean,Pneumonia,Race,0.11920710868079298,0.045189028748163655,0.2879834153728744,0.12914862914862912,0.12819524727039178,0.12819524727039178,0.12914862914862912,0.12346627130430932
ResNet50-ImageNet,clean,Pneumothorax,Gender,0.02329849703371545,0.0028896029081147442,0.044516036092328605,0.03142186861319518,0.01654967322679457,0.01654967322679457,0.03142186861319518,0.015409375790765584
ResNet50-ImageNet,clean,Pneumothorax,Age,0.03263392512669128,0.010265248389054123,0.06252841085050215,0.03846217788861184,0.10462466619767286,0.10462466619767286,0.03846217788861184,0.011630780228658523
ResNet50-ImageNet,clean,Pneumothorax,Race,0.06554011406230675,0.02583629007028453,0.12305281227272648,0.12406167579630756,0.13680423190529534,0.13680423190529534,0.12406167579630756,0.021521592859329638
ResNet50-ImageNet,clean,Support Devices,Gender,0.011148491291845808,0.0007883404462717347,0.05861460439780373,0.029844255694958077,0.07670329670329668,0.07670329670329668,0.029844255694958077,0.002699805163915844
ResNet50-ImageNet,clean,Support Devices,Age,0.015977586978061842,0.006631843978462243,0.08368944284668078,0.033634171370902965,0.053168308201865244,0.053168308201865244,0.033634171370902965,0.002760097404804906
ResNet50-ImageNet,clean,Support Devices,Race,0.07740781913033712,0.026897346101097896,0.2383393748740101,0.03991901082629312,0.1575378195096505,0.1575378195096505,0.03991901082629312,0.005249467334605656
DINOv2-base,clean,Atelectasis,Gender,0.0172404692300977,0.002352810104371039,0.13080070776362382,0.029539664848943215,0.009072580645161255,0.009072580645161255,0.029539664848943215,0.01029641803706774
DINOv2-base,clean,Atelectasis,Age,0.09467046385722888,0.03444897596749901,0.2637103147247932,0.13109251057227933,0.15714285714285714,0.15714285714285714,0.13109251057227933,0.00975578084459556
DINOv2-base,clean,Atelectasis,Race,0.1053194325427691,0.02864643726929084,0.22936584216585562,0.032377301373721745,0.23030303030303034,0.23030303030303034,0.032377301373721745,0.008814872271792527
DINOv2-base,clean,Cardiomegaly,Gender,0.01268773863158379,0.0010639824208031612,0.03262532492150957,0.007777002163417257,0.0021786232057225963,0.0021786232057225963,0.007777002163417257,0.0074186951230166
DINOv2-base,clean,Cardiomegaly,Age,0.08446862155011192,0.058354513808573795,0.10901393727005701,0.04171445672547536,0.23728649068322982,0.23728649068322982,0.04171445672547536,0.0071312805078931375
DINOv2-base,clean,Cardiomegaly,Race,0.03587447218672368,0.013507951068918023,0.07752674064075885,0.0615556592880131,0.04015148058584661,0.04015148058584661,0.0615556592880131,0.01507501690854272
DINOv2-base,clean,Consolidation,Gender,0.005871188552174389,0.00030398541025337126,0.02046918107159123,0.023599620235996155,0.01748591384699394,0.01748591384699394,0.023599620235996155,0.00434108008143359
DINOv2-base,clean,Consolidation,Age,0.018899373279169907,0.005942041096860867,0.038387139441177096,0.03032679738562094,0.07235716664288094,0.07235716664288094,0.03032679738562094,0.012221037960140877
DINOv2-base,clean,Consolidation,Race,0.053644142860722166,0.015453675126051423,0.10581795597139745,0.11882797399402567,0.04446476709643099,0.04446476709643099,0.11882797399402567,0.053223622559364456
DINOv2-base,clean,Edema,Gender,0.0156455982865652,0.0017328342187683005,0.03171590084563928,0.0006537129021649823,0.0456191001210523,0.0456191001210523,0.0006537129021649823,0.0075217139261481245
DINOv2-base,clean,Edema,Age,0.04177138845236872,0.022724732061153642,0.06157867577069133,0.03624113704268439,0.1198800575562734,0.1198800575562734,0.03624113704268439,0.008035550827914469
DINOv2-base,clean,Edema,Race,0.032974182700726495,0.012903650345751623,0.06865119621335901,0.05105337319998626,0.041392140144174916,0.041392140144174916,0.05105337319998626,0.03274273587005955
DINOv2-base,clean,Enlarged Cardiomediastinum,Gender,0.010987266144399932,0.0008131799741898483,0.043529116079397925,0.05841464873455582,0.017745527695955166,0.017745527695955166,0.05841464873455582,0.0037111250733051146
DINOv2-base,clean,Enlarged Cardiomediastinum,Age,0.06566033550947403,0.03215198764246903,0.10654864434014248,0.1732972756410256,0.27378984745079127,0.27378984745079127,0.1732972756410256,0.036069571445057284
DINOv2-base,clean,Enlarged Cardiomediastinum,Race,0.024743192744838605,0.013241022097957874,0.1100014421773937,0.08472998137802612,0.06508434094640991,0.06508434094640991,0.08472998137802612,0.046847068780387024
DINOv2-base,clean,Lung Opacity,Gender,0.014036769920846903,0.0009384351619071558,0.0546720639818293,0.009259776186159918,0.023496582682897227,0.023496582682897227,0.009259776186159918,0.0028186827875914264
DINOv2-base,clean,Lung Opacity,Age,0.06906731366036845,0.027556664444719582,0.11687515177939335,0.12263633179120026,0.27223996350364965,0.27223996350364965,0.12263633179120026,0.002939540455994996
DINOv2-base,clean,Lung Opacity,Race,0.02289697086225495,0.01712540080816049,0.11841783327245961,0.05995381449637882,0.058991683991683974,0.058991683991683974,0.05995381449637882,0.003572232613280316
DINOv2-base,clean,Pleural Effusion,Gender,0.010772026379089916,0.002049413192007352,0.01974630502537598,0.010939075745427074,0.02192720715692531,0.02192720715692531,0.010939075745427074,0.007151599619879134
DINOv2-base,clean,Pleural Effusion,Age,0.017876680637475495,0.00656852113000169,0.03122559211649094,0.06480797832517904,0.11160603810937886,0.11160603810937886,0.06480797832517904,0.008488105411594851
DINOv2-base,clean,Pleural Effusion,Race,0.01382367733118417,0.007152176105296718,0.03146475104315967,0.046995359612923226,0.043542956247326514,0.043542956247326514,0.046995359612923226,0.027793216096263736
DINOv2-base,clean,Pneumonia,Gender,0.03813968846535909,0.0019993995537209153,0.10610976562808942,0.03038936372269707,0.04465517241379313,0.04465517241379313,0.03038936372269707,0.004258714928961571
DINOv2-base,clean,Pneumonia,Age,0.058955925091236594,0.015426162074946624,0.1380093438791876,0.05763706190087392,0.08388157894736836,0.08388157894736836,0.05763706190087392,0.0406855306818536
DINOv2-base,clean,Pneumonia,Race,0.10338134088134077,0.05162980890764441,0.24632195947462635,0.12189542483660132,0.1557017543859649,0.1557017543859649,0.12189542483660132,0.10745105163062066
DINOv2-base,clean,Pneumothorax,Gender,0.030731448802462036,0.010022807451215221,0.04994454849110861,0.023297126506922616,0.04123499216009219,0.04123499216009219,0.023297126506922616,0.00860283592910515
DINOv2-base,clean,Pneumothorax,Age,0.012185149340136037,0.003810037264461916,0.04084087343308857,0.03705208382855685,0.035562895033423136,0.035562895033423136,0.03705208382855685,0.005899325499278248
DINOv2-base,clean,Pneumothorax,Race,0.07012921615535661,0.0269195203959009,0.1246764822910358,0.115469491338409,0.14416210505078386,0.14416210505078386,0.115469491338409,0.04467614936542165
DINOv2-base,clean,Support Devices,Gender,0.03281245711895919,0.0024129265485219515,0.08022392214920669,0.0010241608306598149,0.09054945054945052,0.09054945054945052,0.0010241608306598149,9.681359059963372e-05
DINOv2-base,clean,Support Devices,Age,0.079789240184162,0.029952320711014935,0.1366791349048941,0.037218761634598585,0.12952148522618323,0.12952148522618323,0.037218761634598585,0.0029476284689738254
DINOv2-base,clean,Support Devices,Race,0.04817968281804064,0.023383366565109732,0.1697259187959429,0.03024791458676912,0.15388628064684406,0.15388628064684406,0.03024791458676912,0.0042466740731387865
BiomedCLIP,clean,Atelectasis,Gender,0.005907032828590841,0.0014626909356715012,0.1301148281630511,0.017360420066605653,0.02620967741935487,0.02620967741935487,0.017360420066605653,0.00377588512654501
BiomedCLIP,clean,Atelectasis,Age,0.17757911988129238,0.06882074124193031,0.3010250314233438,0.14033355854165097,0.33333333333333337,0.33333333333333337,0.14033355854165097,0.001614832090470291
BiomedCLIP,clean,Atelectasis,Race,0.0825207241186322,0.020280760743165902,0.20634971664752635,0.025992874491186257,0.21212121212121215,0.21212121212121215,0.025992874491186257,0.002701764653520353
BiomedCLIP,clean,Cardiomegaly,Gender,0.017469024117081733,0.0023123685655150328,0.03363514124208436,0.0015411321371745501,0.04517357294205737,0.04517357294205737,0.0015411321371745501,0.015686199976494793
BiomedCLIP,clean,Cardiomegaly,Age,0.07582085757322232,0.055921003385347,0.09618136590192626,0.011315544755610474,0.19904891304347827,0.19904891304347827,0.011315544755610474,0.008508631065433012
BiomedCLIP,clean,Cardiomegaly,Race,0.030512363976274548,0.012668202695531894,0.06219628779076723,0.06162322187553748,0.0692213313550375,0.0692213313550375,0.06162322187553748,0.005059193699247587
BiomedCLIP,clean,Consolidation,Gender,0.0019947772976158795,0.00023492532511793234,0.016071594333655608,0.001282320012823246,0.002982340399222627,0.002982340399222627,0.001282320012823246,0.00727881720852412
BiomedCLIP,clean,Consolidation,Age,0.02595629752688633,0.01570127150449136,0.041610769218978806,0.02796392818730875,0.04897761812655432,0.04897761812655432,0.02796392818730875,0.015333904845753595
BiomedCLIP,clean,Consolidation,Race,0.04681772918863447,0.01649259629089867,0.09450187031748249,0.09536988227025123,0.054972773623588544,0.054972773623588544,0.09536988227025123,0.03309075277941313
BiomedCLIP,clean,Edema,Gender,0.007343811261679489,0.00039440813418719365,0.023806281354732305,0.012430255503010912,0.005755667577874157,0.005755667577874157,0.012430255503010912,0.0032233793461531393
BiomedCLIP,clean,Edema,Age,0.035012496014591776,0.015606631866996729,0.05325559118535764,0.03848175089938033,0.08610096497318398,0.08610096497318398,0.03848175089938033,0.009453531092315053
BiomedCLIP,clean,Edema,Race,0.02578085095951832,0.010629682293593332,0.06368424094855528,0.0348705909113064,0.020249487354750517,0.020249487354750517,0.0348705909113064,0.029121582643588943
BiomedCLIP,clean,Enlarged Cardiomediastinum,Gender,0.01046356740978216,0.0007356160637593368,0.04172096140842305,0.03177709041816912,0.014035752307179794,0.014035752307179794,0.03177709041816912,0.011210720365957924
BiomedCLIP,clean,Enlarged Cardiomediastinum,Age,0.05328333585169209,0.02091810111190989,0.0905058990401449,0.17622195512820515,0.23164506409597396,0.23164506409597396,0.17622195512820515,0.011550054074745214
BiomedCLIP,clean,Enlarged Cardiomediastinum,Race,0.036366070161404807,0.01563021411021655,0.11285380057416446,0.05519346161804273,0.06158583525789063,0.06158583525789063,0.05519346161804273,0.020442700371428833
BiomedCLIP,clean,Lung Opacity,Gender,0.013404140576799284,0.0008085734035934794,0.05043526361183087,0.010707365355404064,0.03476631482455084,0.03476631482455084,0.010707365355404064,0.0002793237786164783
BiomedCLIP,clean,Lung Opacity,Age,0.03613607718512968,0.009133213171554536,0.08204121895423772,0.08295174526391413,0.1816073600973236,0.1816073600973236,0.08295174526391413,0.004050921214552838
BiomedCLIP,clean,Lung Opacity,Race,0.038659308052328534,0.019968960747999764,0.1254163941334884,0.058352868427212434,0.06525956649719034,0.06525956649719034,0.058352868427212434,0.005717536761381636
BiomedCLIP,clean,Pleural Effusion,Gender,0.013790522019119456,0.004841784291730891,0.021630214534575507,0.0320341806983897,0.007011758265937584,0.007011758265937584,0.0320341806983897,0.013419506769212317
BiomedCLIP,clean,Pleural Effusion,Age,0.016308438737582476,0.007560684169310133,0.028596641388344887,0.06877016877277797,0.07838293851656875,0.07838293851656875,0.06877016877277797,0.0035787039712458623
BiomedCLIP,clean,Pleural Effusion,Race,0.012672983063395038,0.005747772821160755,0.031108508736008497,0.06574815142660828,0.025648750268388087,0.025648750268388087,0.06574815142660828,0.025523826787181694
BiomedCLIP,clean,Pneumonia,Gender,0.029909126633264504,0.0017913524340286285,0.08045874181496382,0.01614434947768284,0.13810344827586207,0.13810344827586207,0.01614434947768284,0.027554353236950397
BiomedCLIP,clean,Pneumonia,Age,0.06897737729241693,0.02399644940678685,0.12846879880891046,0.02731572080887157,0.16153591525984778,0.16153591525984778,0.02731572080887157,0.04103371441149585
BiomedCLIP,clean,Pneumonia,Race,0.13862781954887216,0.03702557008477927,0.2799276029264852,0.19047619047619047,0.0643274853801169,0.0643274853801169,0.19047619047619047,0.11414281924842978
BiomedCLIP,clean,Pneumothorax,Gender,0.04485504052539857,0.024836889148282935,0.06392310173324595,0.04461052961927625,0.027423158778725254,0.027423158778725254,0.04461052961927625,0.005937182481615438
BiomedCLIP,clean,Pneumothorax,Age,0.017361145860899097,0.004516668348879133,0.045972537306718624,0.062428417690608806,0.035839938933163396,0.035839938933163396,0.062428417690608806,0.010555944982470065
BiomedCLIP,clean,Pneumothorax,Race,0.07656301855581782,0.03552740128994985,0.13000283797557147,0.16010151164073705,0.15423571032898498,0.15423571032898498,0.16010151164073705,0.03731841488463073
BiomedCLIP,clean,Support Devices,Gender,0.03523615853696871,0.002365467088535034,0.08364293925387149,0.014136751040275453,0.007692307692307776,0.007692307692307776,0.014136751040275453,0.00029927744816945004
BiomedCLIP,clean,Support Devices,Age,0.015344745716689423,0.0063950278467479445,0.08107152003318384,0.014051047961939012,0.034036433365292385,0.034036433365292385,0.014051047961939012,0.003111070758474067
BiomedCLIP,clean,Support Devices,Race,0.09040761405437825,0.025643868760138293,0.2233829758063874,0.03809393261433969,0.08054287163876206,0.08054287163876206,0.03809393261433969,0.008756118151696702
XRV-DenseNet-nih,clean,Atelectasis,Gender,0.06918783175486276,0.002916262483922769,0.17051505355744415,0.013643706298345437,0.15120967741935487,0.15120967741935487,0.013643706298345437,0.0069910282149075395
XRV-DenseNet-nih,clean,Atelectasis,Age,0.09693158916250422,0.03233131773848601,0.23277599169991128,0.16136175962765553,0.2371428571428571,0.2371428571428571,0.16136175962765553,0.0026253612702330947
XRV-DenseNet-nih,clean,Atelectasis,Race,0.04824052114666244,0.014079203185870718,0.22173210987494996,0.0723248484532113,0.2666666666666667,0.2666666666666667,0.0723248484532113,0.00042395043462721115
XRV-DenseNet-nih,clean,Cardiomegaly,Gender,0.025611167030204163,0.007289574585761749,0.04599972181680121,0.004629905670423762,0.04907279070878934,0.04907279070878934,0.004629905670423762,0.01298299286650858
XRV-DenseNet-nih,clean,Cardiomegaly,Age,0.09223536512856734,0.06596733638607823,0.11681523295852697,0.012223603374352798,0.2007634575569358,0.2007634575569358,0.012223603374352798,0.0051022095280129805
XRV-DenseNet-nih,clean,Cardiomegaly,Race,0.03382341069980799,0.013715406624983363,0.08581341844280246,0.066524580497752,0.023493007875270533,0.023493007875270533,0.066524580497752,0.05217828166188979
XRV-DenseNet-nih,clean,Consolidation,Gender,0.003347792792870119,0.0004511234702290007,0.024089137914149638,0.042785100427851,0.03825043654029925,0.03825043654029925,0.042785100427851,0.016956673961697852
XRV-DenseNet-nih,clean,Consolidation,Age,0.05441664693888948,0.03126003795168971,0.0804962597487032,0.035261024240920036,0.13245230959516674,0.13245230959516674,0.035261024240920036,0.01795606408928194
XRV-DenseNet-nih,clean,Consolidation,Race,0.04338904129889365,0.013625613540211157,0.10055753400849546,0.03799859427165697,0.053225528563341507,0.053225528563341507,0.03799859427165697,0.06374609961328698
XRV-DenseNet-nih,clean,Edema,Gender,0.008218463994884129,0.00045606207847866126,0.027101105914332676,0.029881264246589323,0.03488565388134601,0.03488565388134601,0.029881264246589323,0.0016533030701460505
XRV-DenseNet-nih,clean,Edema,Age,0.06318021289632658,0.04074343497300621,0.08612899292391472,0.023535742875519405,0.1332306980207485,0.1332306980207485,0.023535742875519405,0.006637613560154349
XRV-DenseNet-nih,clean,Edema,Race,0.03404406126550419,0.014808625973992512,0.07675158425080138,0.08236244286352545,0.02007010402532794,0.02007010402532794,0.08236244286352545,0.018575822279892844
XRV-DenseNet-nih,clean,Enlarged Cardiomediastinum,Gender,0.014698163864016456,0.000704487735903131,0.04786871540738436,0.06936445819163661,0.013428341900214913,0.013428341900214913,0.06936445819163661,0.0011424221412358812
XRV-DenseNet-nih,clean,Enlarged Cardiomediastinum,Age,0.042747402764643505,0.015083829225651718,0.0831296031968286,0.1362906678082192,0.23044894860459786,0.23044894860459786,0.1362906678082192,0.009735881219861998
XRV-DenseNet-nih,clean,Enlarged Cardiomediastinum,Race,0.02000171719888555,0.015436994170563531,0.11041974480794861,0.06284916201117319,0.04283514791597931,0.04283514791597931,0.06284916201117319,0.014765363577437789
XRV-DenseNet-nih,clean,Lung Opacity,Gender,0.007915848624816202,0.000964396276796567,0.04910962682796964,0.05688321768386251,0.06164651325811188,0.06164651325811188,0.05688321768386251,0.0022098970937514777
XRV-DenseNet-nih,clean,Lung Opacity,Age,0.05364538399305585,0.014183682889480909,0.1039569664069978,0.09925050484418152,0.20776307785888082,0.20776307785888082,0.09925050484418152,0.006970639660546609
XRV-DenseNet-nih,clean,Lung Opacity,Race,0.07861285806463225,0.030566275249905756,0.18977929122673354,0.0793084052725539,0.07051282051282048,0.07051282051282048,0.0793084052725539,0.006852209977518665
XRV-DenseNet-nih,clean,Pleural Effusion,Gender,0.01441695051223646,0.002589432317958071,0.02688097503997279,0.05898103745610961,0.03622844630964328,0.03622844630964328,0.05898103745610961,0.008990987355929052
XRV-DenseNet-nih,clean,Pleural Effusion,Age,0.046224205174929756,0.028568866468408182,0.06341328343160664,0.08424034567925309,0.19638028390812357,0.19638028390812357,0.08424034567925309,0.02239874911671877
XRV-DenseNet-nih,clean,Pleural Effusion,Race,0.047334266834344496,0.017281037749690094,0.08395192824414781,0.10073205282145636,0.06499055254469699,0.06499055254469699,0.10073205282145636,0.05146512520822418
XRV-DenseNet-nih,clean,Pneumonia,Gender,0.012037037037037068,0.001187383526970945,0.0790658743634712,0.09085153529597978,0.09724137931034482,0.09724137931034482,0.09085153529597978,0.006052489021545128
XRV-DenseNet-nih,clean,Pneumonia,Age,0.02814771485446632,0.010638651023644835,0.11912755660868414,0.04020813623462638,0.07763364779874216,0.07763364779874216,0.04020813623462638,0.017764421590900602
XRV-DenseNet-nih,clean,Pneumonia,Race,0.13025555217523588,0.05641005587891904,0.29995026243721257,0.17712842712842713,0.17543859649122806,0.17543859649122806,0.17712842712842713,0.057306076578136265
XRV-DenseNet-nih,clean,Pneumothorax,Gender,0.026193887449054376,0.003304302145445107,0.05093626332770746,0.06731486378368123,0.02660468427452567,0.02660468427452567,0.06731486378368123,0.01880469387660666
XRV-DenseNet-nih,clean,Pneumothorax,Age,0.02438548532853624,0.005649917065391952,0.055300293306668906,0.06433499584372404,0.09797121840308043,0.09797121840308043,0.06433499584372404,0.005461163113601349
XRV-DenseNet-nih,clean,Pneumothorax,Race,0.09946366472981638,0.05155452407015031,0.16274020209041498,0.19347898047004308,0.20031337571940822,0.20031337571940822,0.19347898047004308,0.0317888706282284
XRV-DenseNet-nih,clean,Support Devices,Gender,0.01942329771818241,0.00105482189921558,0.07259386894708253,0.05228508878952309,0.12857142857142856,0.12857142857142856,0.05228508878952309,0.0006132069702499705
XRV-DenseNet-nih,clean,Support Devices,Age,0.030742231975904644,0.010115323389020778,0.0981163552387579,0.09684502762065494,0.1049736289910963,0.1049736289910963,0.09684502762065494,0.0016415191496271454
XRV-DenseNet-nih,clean,Support Devices,Race,0.059147183603702636,0.024697747805646996,0.18680036943312406,0.06305227961442617,0.09213615023474186,0.09213615023474186,0.06305227961442617,0.009677371123388585
CLIP-ViT-B16,clean,Atelectasis,Gender,0.0390691474023076,0.002619716013591128,0.1579404952836998,0.030019802571349063,0.18145161290322576,0.18145161290322576,0.030019802571349063,0.0010638983714853162
CLIP-ViT-B16,clean,Atelectasis,Age,0.13440394444089032,0.04686232221344719,0.2869588727455972,0.10831143808022414,0.21666666666666667,0.21666666666666667,0.10831143808022414,0.004256729306360243
CLIP-ViT-B16,clean,Atelectasis,Race,0.20847813745897315,0.021643393348118458,0.45372003805595507,0.051896352493481124,0.4,0.4,0.051896352493481124,0.0016993825056040267
CLIP-ViT-B16,clean,Cardiomegaly,Gender,0.029831071480277638,0.008078634261798837,0.052705979593428015,0.015438139518413885,0.050311459478404874,0.050311459478404874,0.015438139518413885,0.008769239261063232
CLIP-ViT-B16,clean,Cardiomegaly,Age,0.10697246004670136,0.07582429682451915,0.13590452948070159,0.06332916646977871,0.2759446169772257,0.2759446169772257,0.06332916646977871,0.020547151321774523
CLIP-ViT-B16,clean,Cardiomegaly,Race,0.02049152165512036,0.00989192105324594,0.07407226587841673,0.05681818181818177,0.06047299030421183,0.06047299030421183,0.05681818181818177,0.06114236159890912
CLIP-ViT-B16,clean,Consolidation,Gender,0.003022180604271618,0.0003086118839447649,0.020269055849882513,0.005178600051786053,0.008418098035193333,0.008418098035193333,0.005178600051786053,0.009811293987544812
CLIP-ViT-B16,clean,Consolidation,Age,0.0297977469586872,0.011396772806069155,0.05255435495790243,0.04400871459694988,0.10445935017363583,0.10445935017363583,0.04400871459694988,0.003862046956248439
CLIP-ViT-B16,clean,Consolidation,Race,0.027274135327465476,0.00868316457144487,0.0823693559665967,0.048692754369404234,0.021635206545144836,0.021635206545144836,0.048692754369404234,0.053118056388313045
CLIP-ViT-B16,clean,Edema,Gender,0.0024874309648522663,0.0002521132046528207,0.02124932745878896,0.006284801369940696,0.014927652778803924,0.014927652778803924,0.006284801369940696,0.008301594017682006
CLIP-ViT-B16,clean,Edema,Age,0.02815608147679738,0.013259348171267643,0.05154977226605143,0.054112409997048916,0.07835512857688387,0.07835512857688387,0.054112409997048916,0.009882278069007724
CLIP-ViT-B16,clean,Edema,Race,0.016188231544643106,0.009761723508910825,0.06304728983172538,0.03402225808053583,0.02170374389582197,0.02170374389582197,0.03402225808053583,0.02863547141459309
CLIP-ViT-B16,clean,Enlarged Cardiomediastinum,Gender,0.01637780718632953,0.0006141945694200014,0.04946666000553639,0.05906830493702686,0.018995182081610773,0.018995182081610773,0.05906830493702686,0.002607222903903701
CLIP-ViT-B16,clean,Enlarged Cardiomediastinum,Age,0.05722448019879567,0.021651999765487453,0.09965819355263397,0.1652076198630137,0.2398597085036892,0.2398597085036892,0.1652076198630137,0.03223524709246045
CLIP-ViT-B16,clean,Enlarged Cardiomediastinum,Race,0.032031518729995434,0.013773106263717142,0.12139701246061654,0.06484753304541291,0.08391070053887606,0.08391070053887606,0.06484753304541291,0.03745579832974193
CLIP-ViT-B16,clean,Lung Opacity,Gender,0.030001106046394388,0.0023073698160694296,0.06674545019058023,0.015917277738879076,0.00818268828945412,0.00818268828945412,0.015917277738879076,0.003362064801709209
CLIP-ViT-B16,clean,Lung Opacity,Age,0.03307111785952921,0.007882483050236066,0.07937803592304515,0.1217594762283375,0.15347475669099764,0.15347475669099764,0.1217594762283375,0.0051284667795792795
CLIP-ViT-B16,clean,Lung Opacity,Race,0.06070483694442885,0.028180589625800497,0.1457404506606026,0.06851490198681509,0.09753984753984746,0.09753984753984746,0.06851490198681509,0.007521566812478342
CLIP-ViT-B16,clean,Pleural Effusion,Gender,0.005347033399347723,0.00028642922981229614,0.017350074139620125,0.01355967621329568,0.0018557774355066892,0.0018557774355066892,0.01355967621329568,0.0003574679845986511
CLIP-ViT-B16,clean,Pleural Effusion,Age,0.03200557379200586,0.018038514225654726,0.04837275253183391,0.08719399593621002,0.12085442397246404,0.12085442397246404,0.08719399593621002,0.01737091403302355
CLIP-ViT-B16,clean,Pleural Effusion,Race,0.009322581389913709,0.005480088113213752,0.03980133479009737,0.09784017780181975,0.04897896761834242,0.04897896761834242,0.09784017780181975,0.030674313732133106
CLIP-ViT-B16,clean,Pneumonia,Gender,0.061382421324949865,0.0067941104400348895,0.123757838841363,0.012345679012345623,0.06586206896551727,0.06586206896551727,0.012345679012345623,0.0274052145865612
CLIP-ViT-B16,clean,Pneumonia,Age,0.0449459775228086,0.013107640669987075,0.13068824368964893,0.06513126773888356,0.08662280701754388,0.08662280701754388,0.06513126773888356,0.018026234468914493
CLIP-ViT-B16,clean,Pneumonia,Race,0.19556101792943892,0.061437822635324386,0.3887515569326714,0.25885225885225893,0.2129601460298144,0.2129601460298144,0.25885225885225893,0.22674600066510592
CLIP-ViT-B16,clean,Pneumothorax,Gender,0.02587818775119599,0.00450905919699873,0.046398683299713826,0.04758224025137492,0.02960042884653713,0.02960042884653713,0.04758224025137492,0.003920335210761728
CLIP-ViT-B16,clean,Pneumothorax,Age,0.031076330853583967,0.010698623544678062,0.0632413014587751,0.04519118869492933,0.10183183770082016,0.10183183770082016,0.04519118869492933,0.014135685220216052
CLIP-ViT-B16,clean,Pneumothorax,Race,0.08582932506575502,0.03822659099303138,0.1370155197424312,0.1406267240428115,0.18152589869527225,0.18152589869527225,0.1406267240428115,0.03567410788561818
CLIP-ViT-B16,clean,Support Devices,Gender,0.02925347053905747,0.0013861884613038335,0.07555846330267704,0.004841729458866517,0.03692307692307695,0.03692307692307695,0.004841729458866517,0.001215974397419592
CLIP-ViT-B16,clean,Support Devices,Age,0.042070055216614555,0.010771162523599845,0.10697193361629542,0.03336127211873008,0.050727795694238687,0.050727795694238687,0.03336127211873008,0.0068920688507976835
CLIP-ViT-B16,clean,Support Devices,Race,0.030107173225842665,0.019524621956385803,0.15603295890719046,0.03805232041070428,0.041603247082699135,0.041603247082699135,0.03805232041070428,0.0071927055671273344
ConvNeXtV2-Base,clean,Atelectasis,Gender,0.043248424070776115,0.0029134126008107165,0.1786445008577729,0.011196579495548531,0.05544354838709675,0.05544354838709675,0.011196579495548531,0.004479538639047244
ConvNeXtV2-Base,clean,Atelectasis,Age,0.19878232007464047,0.056155399289955235,0.3917533001786905,0.1056664915046418,0.34857142857142864,0.34857142857142864,0.1056664915046418,0.011080609677017668
ConvNeXtV2-Base,clean,Atelectasis,Race,0.10402493480279873,0.02680317747080421,0.3054286524296058,0.056556761677480694,0.2666666666666667,0.2666666666666667,0.056556761677480694,0.0013221941907641428
ConvNeXtV2-Base,clean,Cardiomegaly,Gender,0.024719678933259104,0.003810195611107817,0.04423639016079424,0.019033593764442358,0.009427424365530679,0.009427424365530679,0.019033593764442358,0.003674259532939362
ConvNeXtV2-Base,clean,Cardiomegaly,Age,0.10766785663935352,0.08226934179694664,0.13549042111036677,0.04487387408904353,0.23686594202898548,0.23686594202898548,0.04487387408904353,0.012617623789421405
ConvNeXtV2-Base,clean,Cardiomegaly,Race,0.051429798220927636,0.024668099547102078,0.09930890655510773,0.08372847210279344,0.045159845306177226,0.045159845306177226,0.08372847210279344,0.021095811499571116
ConvNeXtV2-Base,clean,Consolidation,Gender,0.004296369462370331,0.00016420431469696685,0.020095694842842418,0.002034450020344525,0.016683951970917765,0.016683951970917765,0.002034450020344525,0.0028757812477808783
ConvNeXtV2-Base,clean,Consolidation,Age,0.03182472667198388,0.01888295278397747,0.05200348447234084,0.01771214252226916,0.1062166405023548,0.1062166405023548,0.01771214252226916,0.01783960257476226
ConvNeXtV2-Base,clean,Consolidation,Race,0.03928349358575489,0.012666498755887722,0.0929259730337909,0.0435241808248471,0.05595686012314449,0.05595686012314449,0.0435241808248471,0.06350887886937645
ConvNeXtV2-Base,clean,Edema,Gender,0.007669826645792521,0.0004667317794402493,0.024648172668668467,0.0013961657537508998,0.022506208903311675,0.022506208903311675,0.0013961657537508998,0.00019430557266376589
ConvNeXtV2-Base,clean,Edema,Age,0.03508727510457876,0.016864074943848666,0.05676268784594687,0.07407671095975388,0.11101719644600083,0.11101719644600083,0.07407671095975388,0.006335237280883341
ConvNeXtV2-Base,clean,Edema,Race,0.026702256959309945,0.010702603662461755,0.0693587271100902,0.04436883527511426,0.05470766468409827,0.05470766468409827,0.04436883527511426,0.031071629027039742
ConvNeXtV2-Base,clean,Enlarged Cardiomediastinum,Gender,0.010247719804081679,0.000677644059868815,0.041851868529675054,0.05471486918331425,0.04827279911696891,0.04827279911696891,0.05471486918331425,0.021010860313948273
ConvNeXtV2-Base,clean,Enlarged Cardiomediastinum,Age,0.06290810695320193,0.03463511249510204,0.10518756105248626,0.2409995719178082,0.1876794173237064,0.1876794173237064,0.2409995719178082,0.03472339628440789
ConvNeXtV2-Base,clean,Enlarged Cardiomediastinum,Race,0.0353153436521253,0.0150195809280011,0.12379986740808195,0.08329126703685008,0.037461383881707166,0.037461383881707166,0.08329126703685008,0.03025136101563635
ConvNeXtV2-Base,clean,Lung Opacity,Gender,0.01883361569619657,0.0010088903325385036,0.056398828070147414,0.01259725010396684,0.0210835658726628,0.0210835658726628,0.01259725010396684,6.743654317053864e-05
ConvNeXtV2-Base,clean,Lung Opacity,Age,0.06337134195997995,0.022852481397781423,0.11491305634509305,0.13278087614924228,0.20764902676399033,0.20764902676399033,0.13278087614924228,0.00350059234467881
ConvNeXtV2-Base,clean,Lung Opacity,Race,0.07677495688304914,0.0245345442626229,0.18040934971939096,0.05741134095172873,0.1282051282051282,0.1282051282051282,0.05741134095172873,0.007310038198298455
ConvNeXtV2-Base,clean,Pleural Effusion,Gender,0.01061716736400986,0.0013104373221586114,0.02126600108186427,0.0159807529533319,0.007110235755647065,0.007110235755647065,0.0159807529533319,0.0025675954433883492
ConvNeXtV2-Base,clean,Pleural Effusion,Age,0.030364935756903577,0.01696102412549292,0.043978083820600984,0.06526799575671427,0.14386852939191463,0.14386852939191463,0.06526799575671427,0.017666530114663674
ConvNeXtV2-Base,clean,Pleural Effusion,Race,0.0200201512940531,0.006151566817402384,0.045985588306711345,0.0638630368649179,0.04869338841805915,0.04869338841805915,0.0638630368649179,0.030131167655534107
ConvNeXtV2-Base,clean,Pneumonia,Gender,0.10528675595725412,0.034914067538136855,0.17561609748123463,0.0566635011079456,0.17689655172413787,0.17689655172413787,0.0566635011079456,0.09004160489584961
ConvNeXtV2-Base,clean,Pneumonia,Age,0.08687211959257968,0.02625969544192303,0.16789864366945484,0.050288790105536885,0.060906984442237744,0.060906984442237744,0.050288790105536885,0.07230861459125361
ConvNeXtV2-Base,clean,Pneumonia,Race,0.07776258828890414,0.04296960805973212,0.23916978002815595,0.1633089133089134,0.09171483622350673,0.09171483622350673,0.1633089133089134,0.07005886154520363
ConvNeXtV2-Base,clean,Pneumothorax,Gender,0.03623574084002934,0.017405704261397106,0.055717029778867576,0.06137725420911622,0.007780988645950004,0.007780988645950004,0.06137725420911622,0.012110867894148232
ConvNeXtV2-Base,clean,Pneumothorax,Age,0.015638337500331057,0.003524031387234794,0.04420228409186399,0.045893599334995816,0.04237976524923692,0.04237976524923692,0.045893599334995816,0.009772899619818618
ConvNeXtV2-Base,clean,Pneumothorax,Race,0.08617403434467241,0.04251163094870199,0.13776238270904284,0.1396336753834272,0.13327507759062285,0.13327507759062285,0.1396336753834272,0.030745795464701495
ConvNeXtV2-Base,clean,Support Devices,Gender,0.03589903098023528,0.0028787713180456506,0.08183587275142071,0.0023487619049957775,0.0479120879120879,0.0479120879120879,0.0023487619049957775,0.0020254358570574327
ConvNeXtV2-Base,clean,Support Devices,Age,0.0526488288293574,0.015397383853028477,0.11505911832980353,0.04065896475933273,0.08333805932059202,0.08333805932059202,0.04065896475933273,0.007524503334767464
ConvNeXtV2-Base,clean,Support Devices,Race,0.03525920480806077,0.024358803218871097,0.15039554854101492,0.032571384108001644,0.09259259259259256,0.09259259259259256,0.032571384108001644,0.0011944258988730912
RAD-DINO,overlap,Atelectasis,Gender,0.05743534819441032,0.002070186803958213,0.17953668557626903,0.020624361474877007,0.10383064516129037,0.10383064516129037,0.020624361474877007,0.008486608093846812
RAD-DINO,overlap,Atelectasis,Age,0.10157761087051498,0.02801749503026551,0.24581279001181267,0.04005955508845682,0.15714285714285714,0.15714285714285714,0.04005955508845682,0.0034614101363411205
RAD-DINO,overlap,Atelectasis,Race,0.16995425864420266,0.015030082316221433,0.49517510158033246,0.03007768982322956,0.2666666666666667,0.2666666666666667,0.03007768982322956,0.008709200551382624
RAD-DINO,overlap,Cardiomegaly,Gender,0.003084572579155731,0.00024033933321374049,0.015777666896983268,0.010994919393243374,0.0005297200847551586,0.0005297200847551586,0.010994919393243374,0.004069137931258328
RAD-DINO,overlap,Cardiomegaly,Age,0.06685860411431688,0.05049410491150352,0.08631532307088,0.01357218195784271,0.1768245341614907,0.1768245341614907,0.01357218195784271,0.011217189607039164
RAD-DINO,overlap,Cardiomegaly,Race,0.028686899175560998,0.014808750569464482,0.05390065218400921,0.06906124855661744,0.026221930550403783,0.026221930550403783,0.06906124855661744,0.012479697260246714
RAD-DINO,overlap,Consolidation,Gender,0.01199315417968827,0.0014401685603678133,0.02368918753408852,0.0002219400022194229,0.02684213573454919,0.02684213573454919,0.0002219400022194229,0.004717007242080691
RAD-DINO,overlap,Consolidation,Age,0.028689317380764967,0.018561051294121746,0.04124931812351574,0.01263616557734204,0.045750601981604966,0.045750601981604966,0.01263616557734204,0.013369338559850733
RAD-DINO,overlap,Consolidation,Race,0.03819111285891297,0.009976558919228917,0.08323900773308524,0.08548585485854854,0.03225922140333881,0.03225922140333881,0.08548585485854854,0.03567949833492723
RAD-DINO,overlap,Edema,Gender,0.002928860109023601,0.00026183818324492235,0.018701162899937316,0.00825678449517453,0.001420091272299473,0.001420091272299473,0.00825678449517453,0.000684257884143051
RAD-DINO,overlap,Edema,Age,0.030343371276509212,0.01313149401713365,0.04843826396513235,0.04722039968937708,0.0704621607751984,0.0704621607751984,0.04722039968937708,0.004146174997774034
RAD-DINO,overlap,Edema,Race,0.019363836940857193,0.0076698599139381485,0.05100395505107526,0.024717433806127342,0.02496042514699237,0.02496042514699237,0.024717433806127342,0.017613291118136667
RAD-DINO,overlap,Enlarged Cardiomediastinum,Gender,0.009836210614979413,0.0006228776067234209,0.035494410452814214,0.000858724815011036,0.025480757717268876,0.025480757717268876,0.000858724815011036,0.009719849609739768
RAD-DINO,overlap,Enlarged Cardiomediastinum,Age,0.04928920501749201,0.022575281111269576,0.081447397974956,0.1302654109589041,0.24464812456999152,0.24464812456999152,0.1302654109589041,0.019553007297933224
RAD-DINO,overlap,Enlarged Cardiomediastinum,Race,0.014112990045808904,0.013206192980570079,0.0860810372960234,0.09367887440513134,0.07390300230946878,0.07390300230946878,0.09367887440513134,0.02854476911023467
RAD-DINO,overlap,Lung Opacity,Gender,0.020486530526809932,0.0010215126589599361,0.053275999515621536,0.0030623395749671545,0.024184090265701452,0.024184090265701452,0.0030623395749671545,0.00012751681249406187
RAD-DINO,overlap,Lung Opacity,Age,0.07448254693286838,0.03508490093330613,0.1129362674628425,0.057969888474535325,0.22327402676399033,0.22327402676399033,0.057969888474535325,0.0033529129597738624
RAD-DINO,overlap,Lung Opacity,Race,0.03476284758129922,0.018670537192999107,0.11537446004791672,0.05025468405552047,0.09111586834359109,0.09111586834359109,0.05025468405552047,0.012258873356550626
RAD-DINO,overlap,Pleural Effusion,Gender,0.01304779264210032,0.0060852754818038505,0.020782581859090283,0.001055717163283676,0.03284667028019128,0.03284667028019128,0.001055717163283676,0.0005111900171650158
RAD-DINO,overlap,Pleural Effusion,Age,0.01817763257736682,0.009561603870434556,0.028849490737149198,0.030574098504900338,0.08277654046028204,0.08277654046028204,0.030574098504900338,0.00936715669815825
RAD-DINO,overlap,Pleural Effusion,Race,0.0158726003648203,0.00843226524816637,0.030582459482086127,0.0508694066397013,0.048497941941615386,0.048497941941615386,0.0508694066397013,0.019105618068258508
RAD-DINO,overlap,Pneumonia,Gender,0.015215694621824927,0.0008953885496198994,0.06613254692975251,0.002849002849002913,0.03103448275862064,0.03103448275862064,0.002849002849002913,0.01928694065774203
RAD-DINO,overlap,Pneumonia,Age,0.026435223427039523,0.008172117009762192,0.08930091191451044,0.029150898770104128,0.07675438596491235,0.07675438596491235,0.029150898770104128,0.03940702295427073
RAD-DINO,overlap,Pneumonia,Race,0.10760993392572327,0.03691945492482532,0.2734677402138891,0.24963924963924966,0.10199903660886311,0.10199903660886311,0.24963924963924966,0.10540056654079405
RAD-DINO,overlap,Pneumothorax,Gender,0.026165567414541457,0.009681924934237118,0.04203178119392515,7.361473534539531e-05,0.05169071468383768,0.05169071468383768,7.361473534539531e-05,0.010952580725404417
RAD-DINO,overlap,Pneumothorax,Age,0.013020299712124928,0.0033242163300765517,0.035976369506796925,0.07021952628538419,0.03716301957024415,0.03716301957024415,0.07021952628538419,0.015933796085124817
RAD-DINO,overlap,Pneumothorax,Race,0.0670315630686329,0.03392320207076876,0.10165363109896951,0.09798080105925189,0.14676529966553176,0.14676529966553176,0.09798080105925189,0.006548063577505717
RAD-DINO,overlap,Support Devices,Gender,0.004537889319891297,0.0006940568373150269,0.058114153260569526,0.014272564767450424,0.002417582417582387,0.002417582417582387,0.014272564767450424,0.0008421690695351834
RAD-DINO,overlap,Support Devices,Age,0.03799343472576633,0.008717523478817869,0.09898204375623303,0.019897313151891916,0.10441907086202384,0.10441907086202384,0.019897313151891916,0.0018665267922263811
RAD-DINO,overlap,Support Devices,Race,0.05307261435807209,0.02913473395582756,0.15856893597689914,0.014474707527344255,0.08691877291144123,0.08691877291144123,0.014474707527344255,0.008856064895027556
CheXzero,overlap,Atelectasis,Gender,0.009908300890800081,0.0017045718470175802,0.13243736523277955,0.01831323223075798,0.08366935483870963,0.08366935483870963,0.01831323223075798,0.0008304326554310583
CheXzero,overlap,Atelectasis,Age,0.17606813098092755,0.08755329704449571,0.3078837046942615,0.08501864224407585,0.34166666666666673,0.3416666666666668,0.08501864224407585,0.0052082502321649515
CheXzero,overlap,Atelectasis,Race,0.06918323128940318,0.014940057450606455,0.22838471628988413,0.03919662257835088,0.20000000000000007,0.20000000000000007,0.03919662257835088,0.005029305463981345
CheXzero,overlap,Cardiomegaly,Gender,0.012482279558818532,0.0011663808342747219,0.026617528110644887,0.0011656780838199543,0.027386130096066497,0.027386130096066497,0.0011656780838199543,0.0024388146787557505
CheXzero,overlap,Cardiomegaly,Age,0.0654168164393123,0.04869305824420703,0.08271677248021118,0.015399496253402645,0.2175854037267081,0.2175854037267081,0.015399496253402645,0.017941326335755774
CheXzero,overlap,Cardiomegaly,Race,0.03139291242133779,0.01575443635588556,0.05706765864308977,0.05924624720536564,0.08525694067965872,0.08525694067965872,0.05924624720536564,0.01608625078593043
CheXzero,overlap,Consolidation,Gender,0.003445788594139354,0.0002702207141836027,0.015198878134916894,0.009259830092598342,0.020145182260488892,0.020145182260488892,0.009259830092598342,0.005863608586726682
CheXzero,overlap,Consolidation,Age,0.02637953303398588,0.01360627307916919,0.04006776024386633,0.03607843137254896,0.056384567813139275,0.056384567813139275,0.03607843137254896,0.0037191962708813323
CheXzero,overlap,Consolidation,Race,0.049782562398405394,0.017666754587630198,0.09097109406885423,0.11013002987172726,0.051553786289382564,0.051553786289382564,0.11013002987172726,0.03596983548637167
CheXzero,overlap,Edema,Gender,0.005600614650725699,0.0003021051932498714,0.020340028980253763,0.005510169654906472,0.01944651250021312,0.01944651250021312,0.005510169654906472,0.0023753399903608443
CheXzero,overlap,Edema,Age,0.030763098808501033,0.014263284355801457,0.047930861472789354,0.048443105785481055,0.08437025185900726,0.08437025185900726,0.048443105785481055,0.00701616861203188
CheXzero,overlap,Edema,Race,0.018391328180793698,0.00754506644267276,0.05850239511726646,0.03896895156704416,0.020078605604921362,0.020078605604921362,0.03896895156704416,0.023618384436516374
CheXzero,overlap,Enlarged Cardiomediastinum,Gender,0.002877610980601686,0.0005338682628044378,0.0339751021439864,0.01994719483227092,0.03227548130199187,0.03227548130199187,0.01994719483227092,0.0037136091714152428
CheXzero,overlap,Enlarged Cardiomediastinum,Age,0.053517579989526665,0.023290222769538054,0.08933569890202067,0.1746468321917808,0.2527995033649397,0.2527995033649397,0.1746468321917808,0.017926639168871102
CheXzero,overlap,Enlarged Cardiomediastinum,Race,0.03792006380032997,0.020662285875892226,0.09953063180422332,0.06965473675898692,0.06389530408006161,0.06389530408006161,0.06965473675898692,0.04089492758102736
CheXzero,overlap,Lung Opacity,Gender,0.011438870779794663,0.0006228403297907748,0.044340925886734085,0.011864570838240995,0.03442930130356836,0.03442930130356836,0.011864570838240995,0.0037690089698354887
CheXzero,overlap,Lung Opacity,Age,0.024553679309137655,0.00836986633048073,0.07162427792164683,0.06966432912754461,0.10127737226277367,0.10127737226277367,0.06966432912754461,0.005507185016467293
CheXzero,overlap,Lung Opacity,Race,0.05577108618884297,0.02064748018941175,0.14519324387739202,0.07488462358115822,0.033701447067783774,0.033701447067783774,0.07488462358115822,0.008811531699508664
CheXzero,overlap,Pleural Effusion,Gender,0.0091051520761245,0.0016865381507140482,0.01604685447893217,0.016955769525721975,0.010724654792123922,0.010724654792123922,0.016955769525721975,0.0004969088696401038
CheXzero,overlap,Pleural Effusion,Age,0.01647824913465301,0.009286645170653163,0.02721619004498752,0.04593120651016891,0.07231108411509302,0.07231108411509302,0.04593120651016891,0.005317167408196783
CheXzero,overlap,Pleural Effusion,Race,0.011207214620702066,0.004512319352831149,0.0286300477056459,0.06743109428168259,0.013170575008030871,0.013170575008030871,0.06743109428168259,0.022815435768395894
CheXzero,overlap,Pneumonia,Gender,0.03790729279235028,0.002756011126169422,0.09977603766764784,0.024058246280468598,0.10362068965517235,0.10362068965517235,0.024058246280468598,0.038810834032215365
CheXzero,overlap,Pneumonia,Age,0.01993011921124821,0.008027536653858483,0.09643047897292968,0.017798013245033162,0.05974842767295596,0.05974842767295596,0.017798013245033162,0.013356179828350842
CheXzero,overlap,Pneumonia,Race,0.07527333777333789,0.030054792541357813,0.2286675391546409,0.08116883116883122,0.16527777777777775,0.16527777777777775,0.08116883116883122,0.07968558688460312
CheXzero,overlap,Pneumothorax,Gender,0.03578289514323063,0.018429681087640523,0.05460020473734876,0.013475371027952265,0.04825657775043435,0.04825657775043435,0.013475371027952265,0.007908200986383045
CheXzero,overlap,Pneumothorax,Age,0.021310017166104034,0.006598146682758738,0.04737989489088885,0.048290005777007594,0.03570664817475355,0.03570664817475355,0.048290005777007594,0.006030968599757429
CheXzero,overlap,Pneumothorax,Race,0.056897272223412565,0.024517852905557143,0.10273198382959992,0.16605980359704298,0.18414504434191503,0.18414504434191503,0.16605980359704298,0.012925105155907057
CheXzero,overlap,Support Devices,Gender,0.042078996611894515,0.0037223280678667097,0.08947074441175153,0.0005558034295154446,0.08835164835164833,0.08835164835164833,0.0005558034295154446,0.00033446273817654745
CheXzero,overlap,Support Devices,Age,0.07686445731719604,0.03092465390217508,0.13355496739253722,0.0260435467075385,0.11997733809814348,0.11997733809814348,0.0260435467075385,0.003131300568673953
CheXzero,overlap,Support Devices,Race,0.05361345743111545,0.02438142926263635,0.18019984576186626,0.024892257029606735,0.0942415017757483,0.0942415017757483,0.024892257029606735,0.005099950309785243
