model,finding,dimension,auroc_gap,gap_ci_lo,gap_ci_hi,sens_gap,spec_gap,fpr_gap,fnr_gap,ece_gap
ResNet50-ImageNet,Atelectasis,Gender,0.033480790127539684,0.002080696188442374,0.10648839810736985,0.012772895547174978,0.06780952380952376,0.06780952380952376,0.012772895547174978,0.0033302553781870345
ResNet50-ImageNet,Atelectasis,Age,0.09242485328969108,0.02680369290028185,0.19118620648585014,0.07023581939181933,0.1706349206349207,0.1706349206349207,0.07023581939181933,0.013611918972386557
ResNet50-ImageNet,Atelectasis,Race,0.1512631506090808,0.035920578219060244,0.44210840230578635,0.06568106404165602,0.43333333333333335,0.43333333333333335,0.06568106404165597,0.017956160736849434
ResNet50-ImageNet,Cardiomegaly,Gender,0.004155209888153433,0.00048794860846363975,0.025793604242298675,0.03229255871408765,0.018824720104344883,0.018824720104344883,0.03229255871408765,0.0013925589209257197
ResNet50-ImageNet,Cardiomegaly,Age,0.06585135746500381,0.03563765960707737,0.09534357554076765,0.13028206768416095,0.22886728655959432,0.22886728655959432,0.13028206768416095,0.022393666938838853
ResNet50-ImageNet,Cardiomegaly,Race,0.03219320921751556,0.01277837809851898,0.11035016351785099,0.05770520943215918,0.017082517938682318,0.017082517938682318,0.05770520943215918,0.035884241279601735
ResNet50-ImageNet,Consolidation,Gender,0.001848240829167458,0.000505854000052386,0.03634396622445719,0.006692735749736833,0.016920179632043952,0.016920179632043952,0.006692735749736833,0.009496833585797462
ResNet50-ImageNet,Consolidation,Age,0.026781148241891484,0.006295015327574413,0.0689805293483946,0.09712399811409711,0.07086247086247088,0.07086247086247088,0.09712399811409711,0.003787505378636341
ResNet50-ImageNet,Consolidation,Race,0.052095809544769,0.01778481774012097,0.15628071655505468,0.08263465216221522,0.11200644641418211,0.11200644641418211,0.08263465216221522,0.0649026718116526
ResNet50-ImageNet,Edema,Gender,0.004867536368937109,0.0003178460034363728,0.02109883449930717,0.010279585129884472,0.010791894209899788,0.010791894209899788,0.010279585129884472,0.0004281761640006071
ResNet50-ImageNet,Edema,Age,0.03721451394350683,0.0216802672626124,0.0585152467703301,0.05962764504628826,0.1117114126608939,0.1117114126608939,0.05962764504628826,0.01700772355533981
ResNet50-ImageNet,Edema,Race,0.04853329204885781,0.019542289942572733,0.10813544689301133,0.06740971863935774,0.09998660370407575,0.09998660370407575,0.06740971863935774,0.07310422780377734
ResNet50-ImageNet,Enlarged Cardiomediastinum,Gender,0.0464889049057039,0.006490753901572058,0.0919878816628521,0.02749164973255791,0.02195339967820753,0.02195339967820753,0.02749164973255791,0.012225511757861574
ResNet50-ImageNet,Enlarged Cardiomediastinum,Age,0.0743879216557386,0.03459867289204309,0.13690802871676075,0.199231950844854,0.2001409443269908,0.2001409443269908,0.199231950844854,0.0377629959318837
ResNet50-ImageNet,Enlarged Cardiomediastinum,Race,0.0746093388811837,0.027155654468104553,0.22129742814858858,0.18166666666666664,0.11742424242424243,0.11742424242424243,0.18166666666666664,0.08778594559279276
ResNet50-ImageNet,Lung Opacity,Gender,0.006483778069531376,0.0012345710499397922,0.06301726608473722,0.005453659427820612,0.014851393589672468,0.014851393589672468,0.005453659427820612,0.00571293133705926
ResNet50-ImageNet,Lung Opacity,Age,0.039302128434819616,0.01323576838211556,0.10564471539982014,0.16519238305307338,0.22036011771160657,0.22036011771160657,0.16519238305307338,0.02615259880120599
ResNet50-ImageNet,Lung Opacity,Race,0.14013601681301124,0.048333706835388145,0.27687307016388846,0.11003299271410893,0.09886275523391053,0.09886275523391053,0.11003299271410893,0.025918148020183378
ResNet50-ImageNet,Pleural Effusion,Gender,0.025039411249908716,0.011138786011026839,0.039978150747018604,0.04289957026417812,0.004255952729073309,0.004255952729073309,0.04289957026417812,0.01934635291952025
ResNet50-ImageNet,Pleural Effusion,Age,0.032175041087806555,0.016120131567836527,0.05395014697572523,0.14680336508536662,0.21912012187189178,0.21912012187189178,0.14680336508536662,0.01053807816596607
ResNet50-ImageNet,Pleural Effusion,Race,0.019825860746107593,0.01129119217705441,0.06880412982852083,0.0774649462345689,0.07345513547606086,0.07345513547606086,0.0774649462345689,0.01915755936425202
ResNet50-ImageNet,Pneumonia,Gender,0.012885577992957753,0.0009743546188622721,0.0408767613743137,0.04463960489383123,0.020377395883468763,0.020377395883468763,0.04463960489383123,0.0009679356570286707
ResNet50-ImageNet,Pneumonia,Age,0.02153283989182697,0.006595460661191816,0.0568428301956673,0.14805602394215744,0.16538650879806116,0.16538650879806116,0.14805602394215744,0.02742008665101394
ResNet50-ImageNet,Pneumonia,Race,0.10250429032098374,0.03793468704560331,0.18187295851791563,0.09384010484927918,0.15017564402810302,0.15017564402810302,0.09384010484927918,0.11872813364037246
ResNet50-ImageNet,Pneumothorax,Gender,0.04928409821777213,0.020130238879411688,0.07893357984944294,0.027177236648235903,0.029376953678056927,0.029376953678056927,0.027177236648235903,0.018746378478512633
ResNet50-ImageNet,Pneumothorax,Age,0.023778349768193485,0.005783015115364443,0.06450226101317423,0.07804540792567427,0.06237345259037408,0.06237345259037408,0.07804540792567427,0.01313495608387133
ResNet50-ImageNet,Pneumothorax,Race,0.0620010339190995,0.019932574500625237,0.1572172675771578,0.07759036144578313,0.12083214365026484,0.12083214365026484,0.07759036144578313,0.06356338941905867
ResNet50-ImageNet,Support Devices,Gender,0.017043449588618587,0.0014004174325593617,0.06680164090197942,0.0015052432104296631,0.0004831143734318477,0.0004831143734318477,0.0015052432104296631,0.0067630166336907355
ResNet50-ImageNet,Support Devices,Age,0.07140045929890126,0.020903542279583038,0.134564133860337,0.03207934134793167,0.14358586812771584,0.1435858681277158,0.03207934134793167,0.007350467010770419
ResNet50-ImageNet,Support Devices,Race,0.052219018574280796,0.03196530246343873,0.19849522664810906,0.01504456327985737,0.12566178760510738,0.12566178760510738,0.01504456327985737,0.0006183862380089861
DINOv2-base,Atelectasis,Gender,0.03977179139120801,0.002166687990381433,0.11449709839790073,0.005481658085194074,0.09866666666666668,0.09866666666666668,0.005481658085194074,0.005321952566182823
DINOv2-base,Atelectasis,Age,0.13895864177692907,0.05752888620583652,0.23548611971172298,0.11037947219030986,0.31746031746031744,0.31746031746031744,0.11037947219030986,0.0013609694539989774
DINOv2-base,Atelectasis,Race,0.18700277035590707,0.03616900377210959,0.5230156675658381,0.0994495905884909,0.0930930930930931,0.0930930930930931,0.0994495905884909,0.013369877233793796
DINOv2-base,Cardiomegaly,Gender,0.005919657235964104,0.0003886404917260944,0.025419106964855855,0.025262530345400824,0.019813482809718952,0.019813482809718952,0.025262530345400824,0.0025509749603196685
DINOv2-base,Cardiomegaly,Age,0.05333077345244952,0.026568060324281936,0.08227440810014557,0.17335754853302965,0.22209369577790627,0.22209369577790627,0.17335754853302965,0.017393700454984548
DINOv2-base,Cardiomegaly,Race,0.05259976825742496,0.016932021045872808,0.119570034753255,0.18460950755583772,0.06250984096992607,0.06250984096992607,0.18460950755583772,0.07635782011682253
DINOv2-base,Consolidation,Gender,0.020867664829205324,0.0018369006081952132,0.04383796387383472,0.01103758292809276,0.06605823554976098,0.06605823554976098,0.01103758292809276,0.019854992652183677
DINOv2-base,Consolidation,Age,0.013376015165733057,0.0044195483340204594,0.048441712461398584,0.06818021773727867,0.0811188811188811,0.0811188811188811,0.06818021773727867,0.0183164465278265
DINOv2-base,Consolidation,Race,0.025158248179935727,0.01529946836866991,0.10982580292822453,0.08666666666666667,0.1965566714490674,0.1965566714490674,0.08666666666666667,0.0861986347902805
DINOv2-base,Edema,Gender,0.0030536255060400475,0.00022094345610877697,0.016849686462759268,0.004850328203621634,0.0038507316390113955,0.0038507316390113955,0.004850328203621634,0.0018791574682961235
DINOv2-base,Edema,Age,0.03274308086237965,0.01989583735039238,0.053305842305794805,0.02405159277787361,0.10678181773089823,0.10678181773089823,0.02405159277787361,0.020280782247557638
DINOv2-base,Edema,Race,0.02548490660522784,0.01233342791288645,0.07321361410040064,0.070999407633071,0.04275587062472308,0.04275587062472308,0.070999407633071,0.029905949245930513
DINOv2-base,Enlarged Cardiomediastinum,Gender,0.029492056314159854,0.0017952066481552148,0.0698350551734871,0.016756008688949664,0.07311244860258626,0.07311244860258626,0.016756008688949664,0.01746221976016773
DINOv2-base,Enlarged Cardiomediastinum,Age,0.07771163570113315,0.0372446455780157,0.13250875417025654,0.1536200716845878,0.2747239840263096,0.2747239840263096,0.1536200716845878,0.030977504677773146
DINOv2-base,Enlarged Cardiomediastinum,Race,0.01482470484071996,0.022744973137880372,0.16826060710850618,0.09200980392156866,0.11895777178796052,0.11895777178796052,0.09200980392156866,0.11028261600328151
DINOv2-base,Lung Opacity,Gender,0.017092897206651303,0.0011860718396294351,0.06422189073004932,0.005764509548471519,0.07427546283452635,0.07427546283452635,0.005764509548471519,0.0026503410934656593
DINOv2-base,Lung Opacity,Age,0.0633566833800202,0.022337344755848705,0.1238824996287468,0.1477587236239849,0.22679435383310892,0.22679435383310897,0.1477587236239849,0.014802543425581065
DINOv2-base,Lung Opacity,Race,0.057443946610884145,0.030144331847346134,0.2132190069984101,0.03948210288896947,0.11417678986818292,0.11417678986818292,0.03948210288896947,0.01377144773829663
DINOv2-base,Pleural Effusion,Gender,0.02109483930071021,0.008895769362887967,0.03438440405098045,0.03497926309514621,0.017601099895118155,0.017601099895118155,0.03497926309514621,0.010897339165460943
DINOv2-base,Pleural Effusion,Age,0.013933160040218384,0.0037786246758072933,0.03235656962190232,0.12556692628308586,0.17790862126127338,0.17790862126127338,0.12556692628308586,0.007261354997254742
DINOv2-base,Pleural Effusion,Race,0.03317101510960829,0.017765824655910336,0.07036768807812763,0.09963937867629769,0.0502077791284975,0.0502077791284975,0.09963937867629769,0.019101384338187533
DINOv2-base,Pneumonia,Gender,0.010102511196344532,0.000626402271197174,0.035651402553409116,0.05439405626620386,0.021233826901843167,0.021233826901843167,0.05439405626620386,0.005464994444135653
DINOv2-base,Pneumonia,Age,0.015396750716832885,0.005763279893592532,0.05140479790309301,0.13680886001077042,0.15437525771460792,0.15437525771460792,0.13680886001077042,0.025463257621477282
DINOv2-base,Pneumonia,Race,0.03861122217779556,0.015327546906267978,0.11890536819523627,0.06373315211235697,0.1478825136612022,0.1478825136612022,0.06373315211235697,0.0626945246097066
DINOv2-base,Pneumothorax,Gender,0.02673715904465468,0.0021173853196152477,0.05379671428685142,0.036839937261363476,0.020196407768870772,0.020196407768870772,0.036839937261363476,0.013268082614646862
DINOv2-base,Pneumothorax,Age,0.029165292118579655,0.007220712219939707,0.06581551831034864,0.06062675165058695,0.05342410982092316,0.05342410982092316,0.06062675165058695,0.028141709908310213
DINOv2-base,Pneumothorax,Race,0.0539516676340388,0.03159788875963942,0.12297207377212725,0.2568852459016393,0.20729550212981018,0.20729550212981018,0.2568852459016393,0.04655464876042698
DINOv2-base,Support Devices,Gender,0.04147894566182975,0.0029703486358594795,0.09066525360340444,0.015941809014939023,0.04572443779512836,0.04572443779512836,0.015941809014939023,0.007199683997743888
DINOv2-base,Support Devices,Age,0.0639877380935665,0.022977039728329502,0.12429028573594597,0.021257364801862133,0.1289438881541659,0.1289438881541659,0.021257364801862133,0.004221080915049684
DINOv2-base,Support Devices,Race,0.09091623744819988,0.03193672274298224,0.21869858379847126,0.0975579322638146,0.1630716134598792,0.1630716134598792,0.0975579322638146,0.0061587020521894405
BiomedCLIP,Atelectasis,Gender,0.02481598174398225,0.0021306795182810838,0.09713066336080156,0.05971580490229078,0.012952380952380937,0.012952380952380937,0.05971580490229078,0.002032562443110974
BiomedCLIP,Atelectasis,Age,0.08950510550551538,0.02652001915660209,0.1806709555047121,0.09237935329503466,0.16338259441707714,0.16338259441707714,0.09237935329503466,0.004206572044394063
BiomedCLIP,Atelectasis,Race,0.22495589696160034,0.038840436365001535,0.5477250175815316,0.08705640050697083,0.41081081081081083,0.41081081081081083,0.08705640050697083,0.01248726298713535
BiomedCLIP,Cardiomegaly,Gender,0.0091332068597052,0.000545696598999118,0.02657984316556168,0.03903182698890262,0.01780874374652941,0.01780874374652941,0.03903182698890262,0.012986499379098957
BiomedCLIP,Cardiomegaly,Age,0.03694329673859631,0.014112334647977674,0.06415041878465676,0.1049915466999598,0.1654646972460737,0.1654646972460737,0.1049915466999598,0.04360961917982807
BiomedCLIP,Cardiomegaly,Race,0.06069515221967292,0.023454149020525446,0.12220003265744825,0.12414296061835828,0.06293103448275861,0.06293103448275861,0.12414296061835828,0.031660500432071234
BiomedCLIP,Consolidation,Gender,0.01625980845716124,0.0009807208172330996,0.03715468336274134,0.01168095452950313,0.044154715341156,0.044154715341156,0.01168095452950313,0.003090113566376427
BiomedCLIP,Consolidation,Age,0.029195309396253144,0.010496979446974378,0.05603071933462439,0.03266998108061159,0.09673659673659674,0.09673659673659674,0.03266998108061159,0.015371783484638704
BiomedCLIP,Consolidation,Race,0.016850064112230556,0.012493713038497532,0.09880758733264818,0.11393805309734517,0.20468675274988035,0.20468675274988035,0.11393805309734517,0.046001087193515935
BiomedCLIP,Edema,Gender,0.005987359028460926,0.00029938166796285027,0.020340966268416263,0.004608387841920747,0.01170097318490515,0.01170097318490515,0.004608387841920747,0.0031172719644264376
BiomedCLIP,Edema,Age,0.04347458017877781,0.026340332344834946,0.06330952000788945,0.007095348876844931,0.08522628634002372,0.08522628634002372,0.007095348876844931,0.021196862982609234
BiomedCLIP,Edema,Race,0.017305126711078644,0.010361405551796488,0.06887807100465258,0.06174176928260122,0.04105745089351642,0.04105745089351642,0.06174176928260122,0.04075937683816051
BiomedCLIP,Enlarged Cardiomediastinum,Gender,0.024296599693699683,0.0010479018476554276,0.06363602706376541,0.004303599374021916,0.04384124903164299,0.04384124903164299,0.004303599374021916,0.0031459811321548556
BiomedCLIP,Enlarged Cardiomediastinum,Age,0.09321619293712313,0.05867288287627795,0.14521921470640659,0.22686123911930356,0.23937044867277424,0.23937044867277424,0.22686123911930356,0.03164743461470862
BiomedCLIP,Enlarged Cardiomediastinum,Race,0.020764926897002378,0.0217815020763686,0.16559540128821706,0.08668608953015178,0.06980519480519476,0.06980519480519476,0.08668608953015178,0.11044017329907035
BiomedCLIP,Lung Opacity,Gender,0.017895904114954564,0.0007658755266173129,0.06242337318547612,0.01607482811096006,0.012095655551240037,0.012095655551240037,0.01607482811096006,0.0004641504759757579
BiomedCLIP,Lung Opacity,Age,0.031633286260154936,0.00981750678330565,0.08441185724429029,0.12506914813876435,0.13816150431442964,0.13816150431442964,0.12506914813876435,0.017838761239316745
BiomedCLIP,Lung Opacity,Race,0.08826017771244687,0.030740492816833564,0.22977500331135128,0.10029555973055948,0.0863207547169812,0.0863207547169812,0.10029555973055948,0.019465390888814507
BiomedCLIP,Pleural Effusion,Gender,0.01390343551526707,0.0022256979647965807,0.025851177456200136,0.04741728217568153,0.014106174384647563,0.014106174384647563,0.04741728217568153,0.004451733566240946
BiomedCLIP,Pleural Effusion,Age,0.03419490900648425,0.017407999710401988,0.051206241494510286,0.07473840688141054,0.18325016891679224,0.18325016891679224,0.07473840688141054,0.015515794321770068
BiomedCLIP,Pleural Effusion,Race,0.04127067652884686,0.02282458136606777,0.07513445073248574,0.0760763849923316,0.0630190424483722,0.0630190424483722,0.0760763849923316,0.03678324155137108
BiomedCLIP,Pneumonia,Gender,0.011890500854772945,0.000664021617986041,0.035342714505724376,0.04989179576182212,0.03741400300104747,0.03741400300104747,0.04989179576182212,0.006022002436921754
BiomedCLIP,Pneumonia,Age,0.0413227843786691,0.019100581781215587,0.07450531322692432,0.0672269649431021,0.12330539496604487,0.12330539496604487,0.0672269649431021,0.005773759673321721
BiomedCLIP,Pneumonia,Race,0.046183885384555534,0.016387097363234578,0.13056897167414447,0.07261878123368382,0.12095042935206868,0.12095042935206868,0.07261878123368382,0.07956839015860219
BiomedCLIP,Pneumothorax,Gender,0.008873611045828289,0.0006318100710719561,0.03794434033157016,0.028035932128202323,0.004606460408071444,0.004606460408071444,0.028035932128202323,0.0044304127871458675
BiomedCLIP,Pneumothorax,Age,0.04718575169548678,0.014789100929516541,0.08882233169865744,0.06138220357694857,0.07831462767064978,0.07831462767064978,0.06138220357694857,0.03890085948704444
BiomedCLIP,Pneumothorax,Race,0.05326654827342847,0.03206658813687339,0.13888809198517232,0.26131147540983607,0.22552425367215512,0.22552425367215512,0.2613114754098361,0.04569148279255667
BiomedCLIP,Support Devices,Gender,0.0033598676028987473,0.0008083441514295603,0.048230257673850946,0.03531659020144229,0.018623279879065535,0.018623279879065535,0.03531659020144229,0.0006275676629789286
BiomedCLIP,Support Devices,Age,0.05740232429133363,0.013781127289979763,0.11407446206435012,0.012894761750032013,0.03901379180049114,0.03901379180049114,0.012894761750032013,0.0033990962220815726
BiomedCLIP,Support Devices,Race,0.0994597835534915,0.04522098937203126,0.19562225497740018,0.13065953654188955,0.23076923076923073,0.23076923076923073,0.13065953654188955,0.01635742831977581
XRV-DenseNet-nih,Atelectasis,Gender,0.03041784559879579,0.0012777420531639107,0.10196402519582878,0.038147266876983554,0.06057142857142861,0.06057142857142861,0.038147266876983554,0.00011240887955233682
XRV-DenseNet-nih,Atelectasis,Age,0.1749092535221055,0.08500824771828992,0.2752852362749572,0.08282705658248901,0.22023809523809523,0.22023809523809523,0.08282705658248901,0.0015635959655345378
XRV-DenseNet-nih,Atelectasis,Race,0.13145160318005777,0.06454942729150548,0.3483071696529095,0.07194629277566544,0.18018018018018012,0.18018018018018012,0.07194629277566544,0.011741650859511768
XRV-DenseNet-nih,Cardiomegaly,Gender,0.006584826839168723,0.00048679906987368626,0.027343521079688314,0.022665140870865574,0.0011358460173791496,0.0011358460173791496,0.022665140870865574,0.009357451140011339
XRV-DenseNet-nih,Cardiomegaly,Age,0.062384416380980134,0.03393164991191171,0.09054141112569622,0.09612230379895592,0.14446100458246203,0.14446100458246203,0.09612230379895592,0.05442115687372552
XRV-DenseNet-nih,Cardiomegaly,Race,0.07400671130022629,0.023337625694571037,0.14520795470677555,0.06525326654629471,0.03121330724070448,0.03121330724070448,0.06525326654629471,0.08381923065864758
XRV-DenseNet-nih,Consolidation,Gender,0.031379829129161485,0.003530877325830548,0.06294779551631707,0.02273107067061042,0.06484137331594964,0.06484137331594964,0.02273107067061042,0.0009106184378018384
XRV-DenseNet-nih,Consolidation,Age,0.03135465119474834,0.009207725378704387,0.07361449076340118,0.09413217281898878,0.1046620046620047,0.1046620046620047,0.09413217281898878,0.015764241100491298
XRV-DenseNet-nih,Consolidation,Race,0.043655951255154535,0.022118088687407972,0.1473787812597081,0.06611111111111112,0.07609893895549125,0.07609893895549125,0.06611111111111112,0.08028922560666668
XRV-DenseNet-nih,Edema,Gender,0.002856385500524028,0.0002998636888321777,0.02194005372770715,0.014358008369984354,0.011043504515858005,0.011043504515858005,0.014358008369984354,0.0012291555401793813
XRV-DenseNet-nih,Edema,Age,0.056753819993625165,0.031233584655561274,0.08181978114696123,0.031991257259825434,0.10253137752036035,0.10253137752036035,0.031991257259825434,0.04432943519983183
XRV-DenseNet-nih,Edema,Race,0.05535912135444354,0.02602776907679771,0.10667477717668532,0.032109032109032154,0.0729071444532472,0.0729071444532472,0.032109032109032154,0.04684704886347253
XRV-DenseNet-nih,Enlarged Cardiomediastinum,Gender,0.015487898051251281,0.0008408000684468704,0.0570292342626304,0.010928339523042063,0.05205291698945236,0.05205291698945236,0.010928339523042063,0.019956848655298988
XRV-DenseNet-nih,Enlarged Cardiomediastinum,Age,0.06706115417743319,0.03345722779519593,0.12897077989418862,0.2141935483870967,0.21341320178529488,0.21341320178529488,0.2141935483870967,0.010966468152800439
XRV-DenseNet-nih,Enlarged Cardiomediastinum,Race,0.1288799722290288,0.038976127596967225,0.29528476370845014,0.09584905660377352,0.12191252144082332,0.12191252144082332,0.09584905660377352,0.1765784276553327
XRV-DenseNet-nih,Lung Opacity,Gender,0.04085101229953192,0.00329177115203588,0.09013528412646989,0.04411410739448329,0.02256376112005032,0.02256376112005032,0.04411410739448329,0.0016441092618409928
XRV-DenseNet-nih,Lung Opacity,Age,0.07857339611729719,0.02714301381231798,0.14262783084915864,0.10475493724285878,0.23218115616738988,0.23218115616738988,0.10475493724285878,0.0173751379573407
XRV-DenseNet-nih,Lung Opacity,Race,0.14153984278196308,0.04978367698274552,0.28552392957093997,0.08010487484275841,0.13750000000000007,0.13750000000000007,0.08010487484275841,0.021532376117109744
XRV-DenseNet-nih,Pleural Effusion,Gender,0.015130095819306355,0.001577217957146096,0.03343344225468633,0.04495231602528604,0.02459290039340456,0.02459290039340456,0.04495231602528604,0.011296621233329685
XRV-DenseNet-nih,Pleural Effusion,Age,0.06487397483599378,0.04185725608561594,0.08868181741718639,0.10636188043852401,0.25249136530931704,0.25249136530931704,0.10636188043852401,0.039874102069026134
XRV-DenseNet-nih,Pleural Effusion,Race,0.04614222992257688,0.02421941979379268,0.10591847367580881,0.07833950548011814,0.08765156542197017,0.08765156542197017,0.07833950548011814,0.045669289544226416
XRV-DenseNet-nih,Pneumonia,Gender,0.012770544757879088,0.0007741726146436534,0.040607872233672425,0.03561633562597755,0.0305554769117522,0.0305554769117522,0.03561633562597755,0.0006829294636637485
XRV-DenseNet-nih,Pneumonia,Age,0.03156883485143924,0.010388617017067192,0.06839993069263069,0.16473916996989568,0.18508116432304167,0.18508116432304167,0.16473916996989568,0.006480133696966501
XRV-DenseNet-nih,Pneumonia,Race,0.05208953133946148,0.01688397441229592,0.13669144870531097,0.0652729384436701,0.180083918813427,0.180083918813427,0.0652729384436701,0.04635255242030012
XRV-DenseNet-nih,Pneumothorax,Gender,0.038587614759707844,0.008584399005334791,0.0696177597124095,0.06309193745148045,0.003462362556529208,0.003462362556529208,0.06309193745148045,0.005381291043387949
XRV-DenseNet-nih,Pneumothorax,Age,0.03421188206838277,0.008778915553470507,0.07547329109581084,0.08275767803257317,0.043061636191947805,0.043061636191947805,0.08275767803257317,0.031175074913265915
XRV-DenseNet-nih,Pneumothorax,Race,0.07885901202477041,0.027451072700631872,0.1727655979384255,0.2952459016393443,0.3100789949557438,0.31007899495574387,0.2952459016393443,0.04185430090509086
XRV-DenseNet-nih,Support Devices,Gender,0.016595980342696937,0.0006954208036417526,0.0657402078484655,0.035521088796595435,0.06634251250642853,0.06634251250642853,0.035521088796595435,0.00016662956479256748
XRV-DenseNet-nih,Support Devices,Age,0.10954754389085708,0.04860282922392475,0.1746384542295077,0.07935700203503349,0.2491970527111279,0.2491970527111279,0.07935700203503349,0.008488949917475895
XRV-DenseNet-nih,Support Devices,Race,0.05900986874395797,0.030167180156482325,0.22061892888724402,0.07837866860202469,0.14667817083692836,0.14667817083692836,0.07837866860202469,0.009132286735706315
CLIP-ViT-B16,Atelectasis,Gender,0.05464533138383609,0.0036792806010979675,0.12436739307275108,0.023764912733185928,0.11695238095238092,0.11695238095238092,0.023764912733185928,0.0020200436260565703
CLIP-ViT-B16,Atelectasis,Age,0.1325490780333275,0.061428637835325685,0.21944282419892636,0.10036325635385746,0.21825396825396826,0.21825396825396826,0.10036325635385746,0.012728422245075142
CLIP-ViT-B16,Atelectasis,Race,0.1559351285071059,0.035648549632256304,0.364292249176782,0.04023047155190196,0.3297297297297297,0.3297297297297297,0.04023047155190196,0.01139466006723799
CLIP-ViT-B16,Cardiomegaly,Gender,0.01393903975995947,0.0009303410643109134,0.036438470735658306,0.027974859735410806,0.01767008370789902,0.01767008370789902,0.027974859735410806,0.0034734610194821353
CLIP-ViT-B16,Cardiomegaly,Age,0.05255413489636229,0.02601062939317734,0.08182026845775972,0.09323062122875425,0.19023446189438087,0.19023446189438087,0.09323062122875425,0.046857064430699855
CLIP-ViT-B16,Cardiomegaly,Race,0.024764055837035337,0.014047828828466745,0.09775837789570194,0.10449496616425391,0.07372742200328408,0.07372742200328408,0.10449496616425391,0.042190562074223906
CLIP-ViT-B16,Consolidation,Gender,0.00503245704550348,0.000289360653358231,0.03276644533877595,0.051557460603933736,0.0405910473707084,0.0405910473707084,0.051557460603933736,0.01422162245787829
CLIP-ViT-B16,Consolidation,Age,0.012290447492273704,0.0044470151843684245,0.05486130237333627,0.11933768056748784,0.07738927738927737,0.07738927738927737,0.11933768056748784,0.011281693757327339
CLIP-ViT-B16,Consolidation,Race,0.043764080925556614,0.019844882071861306,0.14050571352076766,0.07066371681415928,0.10300399614165634,0.10300399614165634,0.07066371681415928,0.06345180836620762
CLIP-ViT-B16,Edema,Gender,0.015342889745313726,0.0008945208209194921,0.031074758045406863,0.01697614871267572,0.017506607505425986,0.017506607505425986,0.01697614871267572,0.007039512689749224
CLIP-ViT-B16,Edema,Age,0.03845194808657515,0.0185478511653397,0.06322839998854837,0.04737094617905813,0.1013829192588056,0.1013829192588056,0.04737094617905813,0.021319641926991883
CLIP-ViT-B16,Edema,Race,0.034136178155252384,0.016327977297521872,0.09066040638869852,0.0813235169670814,0.10559740067936785,0.10559740067936785,0.0813235169670814,0.06718027100516877
CLIP-ViT-B16,Enlarged Cardiomediastinum,Gender,0.023419200879263302,0.0013194832251891442,0.06477020710924919,0.004128418938172951,0.026887551397413723,0.026887551397413723,0.004128418938172951,0.0022929010417978776
CLIP-ViT-B16,Enlarged Cardiomediastinum,Age,0.07189755664024233,0.030933644739416545,0.12702944037165698,0.22555043522785456,0.28365045806906275,0.28365045806906275,0.22555043522785456,0.05297671880969118
CLIP-ViT-B16,Enlarged Cardiomediastinum,Race,0.012398799966955032,0.021099696734408455,0.19198838364799634,0.06905660377358491,0.07322551662174304,0.07322551662174304,0.06905660377358491,0.08842079756780771
CLIP-ViT-B16,Lung Opacity,Gender,0.033754732890245,0.0020767859686417396,0.07869113180458755,0.009137389323702005,0.04699550574266209,0.04699550574266209,0.009137389323702005,0.005743655417632451
CLIP-ViT-B16,Lung Opacity,Age,0.047070938267167906,0.012956396674657747,0.10486361174716335,0.1412230738681841,0.23691954710958152,0.23691954710958152,0.1412230738681841,0.019220342974873617
CLIP-ViT-B16,Lung Opacity,Race,0.08950366825372535,0.030198522678209806,0.23521790616419536,0.03823392130450454,0.19383561643835623,0.19383561643835623,0.03823392130450454,0.013190737533953195
CLIP-ViT-B16,Pleural Effusion,Gender,0.016701338977738844,0.0029063364143937674,0.0324473260642061,0.043632635613562676,0.010484289162075666,0.010484289162075666,0.043632635613562676,0.008774582184219549
CLIP-ViT-B16,Pleural Effusion,Age,0.0368563642157117,0.01706731894473699,0.058040740164494176,0.13884945398511495,0.22700738197857173,0.22700738197857173,0.13884945398511495,0.016097055350203032
CLIP-ViT-B16,Pleural Effusion,Race,0.025747362120781103,0.01158812659051229,0.0694368795809093,0.08325910364469702,0.07713094810737497,0.07713094810737497,0.08325910364469702,0.03073560132384079
CLIP-ViT-B16,Pneumonia,Gender,0.006461479048058494,0.00038988061843891477,0.032626268247564545,0.0499641104754559,0.053300444494776444,0.053300444494776444,0.0499641104754559,0.0009744360390430383
CLIP-ViT-B16,Pneumonia,Age,0.008533883039642531,0.0050829525174841015,0.04865753890096494,0.14630582751405896,0.1661123172856025,0.1661123172856025,0.14630582751405896,0.014204202112602825
CLIP-ViT-B16,Pneumonia,Race,0.09794982778010974,0.03349298841515653,0.18347125346865206,0.0630834086118639,0.13905152224824358,0.13905152224824358,0.0630834086118639,0.10448520155052501
CLIP-ViT-B16,Pneumothorax,Gender,0.03759650549821458,0.008839477264064186,0.06783582997778453,0.03382499722745924,0.005553818440415026,0.005553818440415026,0.03382499722745924,0.008403176943501168
CLIP-ViT-B16,Pneumothorax,Age,0.03476121204337301,0.010786707482158906,0.07678934852914321,0.0734714750576384,0.09598818940296883,0.09598818940296883,0.0734714750576384,0.03202420409077783
CLIP-ViT-B16,Pneumothorax,Race,0.08889039365377549,0.0372242030516741,0.179556280123061,0.3688524590163934,0.2279432759112972,0.22794327591129726,0.3688524590163934,0.051881090694460404
CLIP-ViT-B16,Support Devices,Gender,0.007678787894387362,0.0006675929722415291,0.05330098303027107,0.01251922036387998,0.00886748640266799,0.00886748640266799,0.01251922036387998,0.0012927017378029466
CLIP-ViT-B16,Support Devices,Age,0.0835819235911438,0.04254623433911303,0.1415028975784876,0.06547113179166886,0.14594747780086903,0.14594747780086903,0.06547113179166886,0.0016214995610526082
CLIP-ViT-B16,Support Devices,Race,0.06042159070177955,0.02914246999994848,0.19943083878220777,0.039511297405780965,0.16997411561691111,0.16997411561691111,0.039511297405780965,0.012132944542884211
ConvNeXtV2-Base,Atelectasis,Gender,0.005427374261093965,0.001535804527800641,0.07986504719351065,0.04044932422868974,0.04228571428571426,0.04228571428571426,0.04044932422868974,0.002379584974719264
ConvNeXtV2-Base,Atelectasis,Age,0.14150674193413915,0.07197401019953374,0.2395518392159139,0.11535344749365628,0.26984126984126977,0.26984126984126977,0.11535344749365628,0.011033425782579185
ConvNeXtV2-Base,Atelectasis,Race,0.04085428840455296,0.036916607391147355,0.3424287637424985,0.07652091254752846,0.12972972972972974,0.12972972972972974,0.07652091254752846,0.012044008398651348
ConvNeXtV2-Base,Cardiomegaly,Gender,0.001414171539936504,0.0002878500781832688,0.021639662430534022,0.032146799744353416,0.015349147921103756,0.015349147921103756,0.032146799744353416,0.008261212721383734
ConvNeXtV2-Base,Cardiomegaly,Age,0.05275367748830806,0.02967600208480339,0.07909211468747689,0.1456898792437874,0.22236285981225246,0.22236285981225246,0.1456898792437874,0.03872349063738903
ConvNeXtV2-Base,Cardiomegaly,Race,0.0627749197161781,0.019550872502695993,0.13272281737278493,0.1385820266069553,0.03690243220575895,0.03690243220575895,0.1385820266069553,0.0601786350956606
ConvNeXtV2-Base,Consolidation,Gender,0.033807892135851225,0.005769465665964144,0.06106961793638228,0.0009316355007437105,0.05438215268723745,0.05438215268723745,0.0009316355007437105,0.026064574851403004
ConvNeXtV2-Base,Consolidation,Age,0.011124167249445427,0.004500797640724083,0.049878863142101944,0.0941838138294625,0.09487179487179487,0.09487179487179487,0.0941838138294625,0.009601276922678231
ConvNeXtV2-Base,Consolidation,Race,0.08741971139128357,0.02428150808094072,0.20072350905007352,0.059576828266228454,0.15256513564329832,0.15256513564329832,0.059576828266228454,0.0797454034409075
ConvNeXtV2-Base,Edema,Gender,0.002015223659194154,0.0002949817010248962,0.0165115280414977,0.002259550163741797,0.012238106490233158,0.012238106490233158,0.002259550163741797,0.007003159744783813
ConvNeXtV2-Base,Edema,Age,0.02657531963757609,0.011328912316970604,0.04716159549903217,0.07289600224253934,0.12060147162907475,0.12060147162907475,0.07289600224253934,0.01172463639875005
ConvNeXtV2-Base,Edema,Race,0.036809529002837515,0.018254232574649018,0.09727552764908434,0.04655949465914333,0.043522863469234396,0.043522863469234396,0.04655949465914333,0.03675256036971079
ConvNeXtV2-Base,Enlarged Cardiomediastinum,Gender,0.01135397997917309,0.000689944431496009,0.05648340575325711,0.060446009389671373,0.024825695727310637,0.024825695727310637,0.060446009389671373,0.005220854042544076
ConvNeXtV2-Base,Enlarged Cardiomediastinum,Age,0.0674357442174397,0.02623284393224883,0.12198280970364088,0.2775729646697389,0.2813013859525487,0.2813013859525487,0.2775729646697389,0.05074057045776047
ConvNeXtV2-Base,Enlarged Cardiomediastinum,Race,0.02104893340373326,0.020895892456352698,0.18186488401712997,0.09735849056603774,0.16846361185983827,0.16846361185983827,0.09735849056603774,0.06593598140052424
ConvNeXtV2-Base,Lung Opacity,Gender,0.015823096372203582,0.0011321477149395355,0.06649843685309616,0.009741137540833722,0.017200244132497433,0.017200244132497433,0.009741137540833722,0.004093935356025348
ConvNeXtV2-Base,Lung Opacity,Age,0.057696278359651076,0.015419046447903978,0.12093741464862254,0.16413992865577764,0.29383011621527255,0.29383011621527255,0.16413992865577764,0.015886484706890323
ConvNeXtV2-Base,Lung Opacity,Race,0.15429357888934447,0.07086323280123652,0.2607571836585092,0.07630625032364968,0.22123287671232883,0.22123287671232883,0.07630625032364968,0.013072755957073579
ConvNeXtV2-Base,Pleural Effusion,Gender,0.01810734681073367,0.005066935356920399,0.03172007203618426,0.04910420065436527,0.015041923510306865,0.015041923510306865,0.04910420065436527,0.007169583206435175
ConvNeXtV2-Base,Pleural Effusion,Age,0.028413143456636147,0.010828968639123627,0.04762202137480097,0.15494810941342863,0.1862474452646642,0.1862474452646642,0.15494810941342863,0.000592601400069559
ConvNeXtV2-Base,Pleural Effusion,Race,0.031533040213872265,0.015280749049547732,0.08451279453565026,0.09092076433828378,0.1155416138826888,0.1155416138826888,0.09092076433828378,0.05229377233362607
ConvNeXtV2-Base,Pneumonia,Gender,0.006647341354562131,0.0005676286618047172,0.03159596094212434,0.04526365408926314,0.027996800770080155,0.027996800770080155,0.04526365408926314,0.008492969424016589
ConvNeXtV2-Base,Pneumonia,Age,0.009458104197732853,0.004957990695712169,0.0485485283874154,0.16197593424734935,0.14608841820033158,0.14608841820033158,0.16197593424734935,0.005701214153909853
ConvNeXtV2-Base,Pneumonia,Race,0.09584827304198562,0.03699190426976144,0.182409251016632,0.09769523383307221,0.13437836544214432,0.13437836544214432,0.09769523383307221,0.06621737331835077
ConvNeXtV2-Base,Pneumothorax,Gender,0.03004124250805762,0.001873416037940387,0.05863702594907633,0.010202949983364795,0.042125103650432205,0.042125103650432205,0.010202949983364795,0.00896683060712912
ConvNeXtV2-Base,Pneumothorax,Age,0.03406068456503575,0.009077603998997652,0.06991294185722476,0.10252447192168979,0.05796771753774055,0.05796771753774055,0.10252447192168979,0.014133092895979776
ConvNeXtV2-Base,Pneumothorax,Race,0.06425443466451652,0.042346401021929006,0.12232237616218591,0.20746232891194338,0.2529900701119888,0.2529900701119888,0.20746232891194338,0.0638536292598446
ConvNeXtV2-Base,Support Devices,Gender,0.02517819710694813,0.0011258474298811718,0.07041435576742368,7.402014456403538e-05,0.08658656318668478,0.08658656318668478,7.402014456403538e-05,0.013200281206240541
ConvNeXtV2-Base,Support Devices,Age,0.08246976317194699,0.03067344544450881,0.1442745491053786,0.01614641350881052,0.1961080672586435,0.1961080672586435,0.01614641350881052,0.004573574743435657
ConvNeXtV2-Base,Support Devices,Race,0.11055854911270868,0.04151524284258357,0.2283829878270454,0.06672014260249559,0.18530052943008402,0.18530052943008402,0.06672014260249559,0.00563738044090804
