model,finding,dimension,group,n,auroc,ece,sensitivity,specificity,fpr,fnr
ResNet50-ImageNet,Atelectasis,Gender,Female,3185,0.6278880643166357,0.03500035937028718,0.5107142857142857,0.6761904761904762,0.32380952380952377,0.4892857142857143
ResNet50-ImageNet,Atelectasis,Gender,Male,4254,0.6613688544441754,0.03167010399210014,0.4979413901671107,0.744,0.256,0.5020586098328893
ResNet50-ImageNet,Atelectasis,Age,<50,1175,0.6813978901357541,0.0425835671338963,0.46601941747572817,0.8095238095238095,0.19047619047619047,0.5339805825242718
ResNet50-ImageNet,Atelectasis,Age,50-70,3089,0.659408817286614,0.033726122141190445,0.48335015136226034,0.7241379310344828,0.27586206896551724,0.5166498486377397
ResNet50-ImageNet,Atelectasis,Age,70+,3175,0.5889730368460631,0.028971648161509742,0.5362552368675475,0.6388888888888888,0.36111111111111116,0.4637447631324525
ResNet50-ImageNet,Atelectasis,Race,White,5340,0.6337874286865615,0.032489292279568927,0.5080131299478664,0.6956521739130435,0.30434782608695654,0.4919868700521336
ResNet50-ImageNet,Atelectasis,Race,Black,826,0.6611516459425204,0.042711736121842085,0.4423320659062104,0.7837837837837838,0.21621621621621623,0.5576679340937896
ResNet50-ImageNet,Atelectasis,Race,Asian,197,0.5322916666666667,0.050304333884621424,0.4895833333333333,0.4,0.6,0.5104166666666667
ResNet50-ImageNet,Atelectasis,Race,Other,620,0.6835548172757475,0.03234817314777199,0.48172757475083056,0.8333333333333334,0.16666666666666663,0.5182724252491695
ResNet50-ImageNet,Cardiomegaly,Gender,Female,4246,0.7876216968406348,0.04082132676387023,0.7706127686878409,0.6775907883082374,0.3224092116917626,0.2293872313121591
ResNet50-ImageNet,Cardiomegaly,Gender,Male,5177,0.7834664869524813,0.03942876784294451,0.7383202099737532,0.6964155084125823,0.30358449158741774,0.26167979002624675
ResNet50-ImageNet,Cardiomegaly,Age,<50,1629,0.8090862241318292,0.06075758916397114,0.6694648478488983,0.8002958579881657,0.19970414201183428,0.33053515215110174
ResNet50-ImageNet,Cardiomegaly,Age,50-70,3968,0.7775338063997859,0.04597389329142709,0.7284038393174547,0.6891774891774892,0.3108225108225108,0.27159616068254533
ResNet50-ImageNet,Cardiomegaly,Age,70+,3826,0.7432348666668254,0.03836392222513229,0.7997469155330592,0.5714285714285714,0.4285714285714286,0.2002530844669408
ResNet50-ImageNet,Cardiomegaly,Race,White,6459,0.7843557877220777,0.040310015625529806,0.7587361372672107,0.6815476190476191,0.31845238095238093,0.24126386273278932
ResNet50-ImageNet,Cardiomegaly,Race,Black,1333,0.7813242717683802,0.04867906649443573,0.7459095283926853,0.6972789115646258,0.30272108843537415,0.2540904716073147
ResNet50-ImageNet,Cardiomegaly,Race,Asian,281,0.7521625785045621,0.07619425690513154,0.7010309278350515,0.6896551724137931,0.31034482758620685,0.2989690721649485
ResNet50-ImageNet,Cardiomegaly,Race,Other,748,0.7840415706381474,0.05190930276278886,0.7145557655954632,0.6986301369863014,0.3013698630136986,0.2854442344045368
ResNet50-ImageNet,Consolidation,Gender,Female,1322,0.8260813188848755,0.10117206736358995,0.7131147540983607,0.8203389830508474,0.1796610169491526,0.28688524590163933
ResNet50-ImageNet,Consolidation,Gender,Male,1566,0.824233078055708,0.09167523377779249,0.7064220183486238,0.8034188034188035,0.19658119658119655,0.29357798165137616
ResNet50-ImageNet,Consolidation,Age,<50,589,0.8064921876803065,0.10106199997244059,0.636963696369637,0.8426573426573427,0.1573426573426573,0.363036303630363
ResNet50-ImageNet,Consolidation,Age,50-70,1206,0.833273335922198,0.09727449459380424,0.7340876944837341,0.8256513026052105,0.17434869739478953,0.2659123055162659
ResNet50-ImageNet,Consolidation,Age,70+,1093,0.8219462377357114,0.09760288091522938,0.7155049786628734,0.7717948717948718,0.22820512820512817,0.28449502133712656
ResNet50-ImageNet,Consolidation,Race,White,1925,0.8141721098004263,0.0992919594656772,0.7198027937551356,0.7782485875706214,0.22175141242937857,0.28019720624486444
ResNet50-ImageNet,Consolidation,Race,Black,419,0.8208447488584475,0.09855144632026525,0.67,0.8767123287671232,0.12328767123287676,0.32999999999999996
ResNet50-ImageNet,Consolidation,Race,Asian,106,0.7871732026143791,0.16345411813191785,0.6805555555555556,0.7647058823529411,0.23529411764705888,0.3194444444444444
ResNet50-ImageNet,Consolidation,Race,Other,236,0.8392690121591481,0.10568814075409547,0.6371681415929203,0.8699186991869918,0.13008130081300817,0.36283185840707965
ResNet50-ImageNet,Edema,Gender,Female,3807,0.8702311919904512,0.03798866862676449,0.8186628186628186,0.7633101851851852,0.23668981481481477,0.18133718133718135
ResNet50-ImageNet,Edema,Gender,Male,4454,0.8653636556215141,0.0384168447907651,0.8083832335329342,0.774102079395085,0.22589792060491498,0.19161676646706582
ResNet50-ImageNet,Edema,Age,<50,1290,0.8749194854029212,0.04772271946597824,0.7666034155597723,0.8191349934469201,0.1808650065530799,0.2333965844402277
ResNet50-ImageNet,Edema,Age,50-70,3485,0.8801622776063361,0.030714995910638428,0.811586051743532,0.7967193907439953,0.20328060925600466,0.18841394825646796
ResNet50-ImageNet,Edema,Age,70+,3486,0.8429477636628293,0.04547397232821363,0.8262310606060606,0.7074235807860262,0.2925764192139738,0.17376893939393945
ResNet50-ImageNet,Edema,Race,White,5718,0.8690461125616783,0.03462649999636801,0.8195464707761099,0.768457672980286,0.231542327019714,0.18045352922389013
ResNet50-ImageNet,Edema,Race,Black,1093,0.8668140259218325,0.0466133241532717,0.8018018018018018,0.7936802973977695,0.20631970260223054,0.19819819819819817
ResNet50-ImageNet,Edema,Race,Asian,228,0.8205128205128205,0.10773072780014535,0.7521367521367521,0.6936936936936937,0.3063063063063063,0.24786324786324787
ResNet50-ImageNet,Edema,Race,Other,685,0.8377186220600579,0.07745312774360753,0.7617554858934169,0.7568306010928961,0.24316939890710387,0.2382445141065831
ResNet50-ImageNet,Enlarged Cardiomediastinum,Gender,Female,882,0.729747217668881,0.17944536823205368,0.6268656716417911,0.7456647398843931,0.2543352601156069,0.3731343283582089
ResNet50-ImageNet,Enlarged Cardiomediastinum,Gender,Male,1124,0.6832583127631771,0.19167087998991525,0.5993740219092332,0.7237113402061855,0.27628865979381445,0.40062597809076683
ResNet50-ImageNet,Enlarged Cardiomediastinum,Age,<50,483,0.6606201550387597,0.2081570515594312,0.4666666666666667,0.8062015503875969,0.1937984496124031,0.5333333333333333
ResNet50-ImageNet,Enlarged Cardiomediastinum,Age,50-70,891,0.725937984496124,0.1703940556275475,0.6298449612403101,0.7493333333333333,0.2506666666666667,0.3701550387596899
ResNet50-ImageNet,Enlarged Cardiomediastinum,Age,70+,632,0.6515500628403854,0.19340013977820808,0.6658986175115207,0.6060606060606061,0.3939393939393939,0.3341013824884793
ResNet50-ImageNet,Enlarged Cardiomediastinum,Race,White,1346,0.6935673325934146,0.18345542964661216,0.6127450980392157,0.7150943396226415,0.28490566037735854,0.38725490196078427
ResNet50-ImageNet,Enlarged Cardiomediastinum,Race,Black,223,0.6663430420711973,0.2547118678731629,0.5583333333333333,0.7281553398058253,0.27184466019417475,0.44166666666666665
ResNet50-ImageNet,Enlarged Cardiomediastinum,Race,Asian,71,0.740952380952381,0.16692592228037015,0.74,0.6666666666666666,0.33333333333333337,0.26
ResNet50-ImageNet,Enlarged Cardiomediastinum,Race,Other,194,0.7072255574614066,0.16826050998344178,0.5849056603773585,0.7840909090909091,0.21590909090909094,0.41509433962264153
ResNet50-ImageNet,Lung Opacity,Gender,Female,3716,0.6507094683056978,0.03693211538857952,0.5863442389758179,0.6616915422885572,0.3383084577114428,0.4136557610241821
ResNet50-ImageNet,Lung Opacity,Gender,Male,4738,0.6442256902361664,0.04264504672563878,0.5808905795479973,0.6468401486988847,0.35315985130111527,0.4191094204520027
ResNet50-ImageNet,Lung Opacity,Age,<50,1454,0.6393322460647597,0.056077833694069254,0.47483095416979715,0.7479674796747967,0.2520325203252033,0.5251690458302029
ResNet50-ImageNet,Lung Opacity,Age,50-70,3409,0.6572463768115941,0.044087222273056954,0.5677519379844961,0.7010869565217391,0.29891304347826086,0.4322480620155039
ResNet50-ImageNet,Lung Opacity,Age,70+,3591,0.6179442483767745,0.029925234892863264,0.6400233372228705,0.5276073619631901,0.47239263803680986,0.3599766627771295
ResNet50-ImageNet,Lung Opacity,Race,White,5827,0.6399599064483796,0.039883810393988195,0.5922312556458897,0.636986301369863,0.363013698630137,0.40776874435411026
ResNet50-ImageNet,Lung Opacity,Race,Black,1098,0.6669941060903732,0.040313654829829605,0.5638506876227898,0.675,0.32499999999999996,0.4361493123772102
ResNet50-ImageNet,Lung Opacity,Race,Asian,293,0.7800959232613909,0.032128463762306866,0.6402877697841727,0.7333333333333333,0.2666666666666667,0.3597122302158273
ResNet50-ImageNet,Lung Opacity,Race,Other,681,0.6488703280855667,0.058046611782490244,0.5302547770700637,0.7358490566037735,0.26415094339622647,0.46974522292993626
ResNet50-ImageNet,Pleural Effusion,Gender,Female,5712,0.8638545354308003,0.01905646420645731,0.8443359876701773,0.7240241891148983,0.2759758108851017,0.15566401232982274
ResNet50-ImageNet,Pleural Effusion,Gender,Male,6990,0.8388151241808915,0.03840281712597756,0.8014364174059991,0.7282801418439716,0.2717198581560284,0.19856358259400086
ResNet50-ImageNet,Pleural Effusion,Age,<50,2081,0.8545960760510314,0.03790488700160568,0.7195571955719557,0.8224674022066198,0.17753259779338015,0.28044280442804426
ResNet50-ImageNet,Pleural Effusion,Age,50-70,5288,0.850290761376034,0.02736680883563961,0.7976505139500735,0.7535847052575677,0.2464152947424323,0.20234948604992653
ResNet50-ImageNet,Pleural Effusion,Age,70+,5333,0.8224210349632248,0.02910317543245062,0.8663605606573224,0.6033472803347281,0.39665271966527194,0.13363943934267764
ResNet50-ImageNet,Pleural Effusion,Race,White,9135,0.8473953367596748,0.025418242906151235,0.8287087273290963,0.706408345752608,0.293591654247392,0.17129127267090372
ResNet50-ImageNet,Pleural Effusion,Race,Black,1390,0.8312575348513406,0.04408270166234228,0.7512437810945274,0.7798634812286689,0.2201365187713311,0.24875621890547261
ResNet50-ImageNet,Pleural Effusion,Race,Asian,387,0.8350835767103709,0.04457580227040325,0.8270676691729323,0.7107438016528925,0.2892561983471075,0.17293233082706772
ResNet50-ImageNet,Pleural Effusion,Race,Other,1046,0.8510833955974482,0.044020941830135954,0.7968503937007874,0.7591240875912408,0.24087591240875916,0.20314960629921264
ResNet50-ImageNet,Pneumonia,Gender,Female,2800,0.7162272218263259,0.054129799336067916,0.5913120567375887,0.7212918660287081,0.2787081339712919,0.4086879432624113
ResNet50-ImageNet,Pneumonia,Gender,Male,3183,0.7291127998192837,0.053161863679039245,0.6359516616314199,0.7009144701452393,0.29908552985476067,0.3640483383685801
ResNet50-ImageNet,Pneumonia,Age,<50,1330,0.7219927219059057,0.051951316174119855,0.5270541082164328,0.7833935018050542,0.21660649819494582,0.47294589178356716
ResNet50-ImageNet,Pneumonia,Age,50-70,2601,0.7313759978352051,0.042425287695644666,0.6057416267942584,0.7397172236503856,0.2602827763496144,0.39425837320574164
ResNet50-ImageNet,Pneumonia,Age,70+,2052,0.7098431579433782,0.0698453743466586,0.6751101321585903,0.618006993006993,0.381993006993007,0.3248898678414097
ResNet50-ImageNet,Pneumonia,Race,White,3927,0.7305292708049805,0.046606936268769134,0.636697247706422,0.7111692844677138,0.28883071553228623,0.363302752293578
ResNet50-ImageNet,Pneumonia,Race,Black,872,0.7152834099306119,0.07147713807356804,0.6172839506172839,0.6824817518248175,0.3175182481751825,0.3827160493827161
ResNet50-ImageNet,Pneumonia,Race,Asian,227,0.6280249804839968,0.1653350699091416,0.5428571428571428,0.5819672131147541,0.4180327868852459,0.4571428571428572
ResNet50-ImageNet,Pneumonia,Race,Other,541,0.719904181184669,0.05567939917831805,0.551219512195122,0.7321428571428571,0.2678571428571429,0.448780487804878
ResNet50-ImageNet,Pneumothorax,Gender,Female,3465,0.7059030077070755,0.04616144626661884,0.662992125984252,0.6279151943462897,0.37208480565371027,0.33700787401574805
ResNet50-ImageNet,Pneumothorax,Gender,Male,4825,0.6566189094893033,0.06490782474513147,0.635814889336016,0.5985382406682328,0.4014617593317672,0.36418511066398396
ResNet50-ImageNet,Pneumothorax,Age,<50,1761,0.6957345564488421,0.06995283954309639,0.6598639455782312,0.6189393939393939,0.3810606060606061,0.34013605442176875
ResNet50-ImageNet,Pneumothorax,Age,50-70,3471,0.6719562066806486,0.05681788345922506,0.6058732612055642,0.6384560906515581,0.36154390934844194,0.3941267387944358
ResNet50-ImageNet,Pneumothorax,Age,70+,3058,0.6731269878688136,0.06108318095305093,0.6839186691312384,0.576082638061184,0.423917361938816,0.31608133086876156
ResNet50-ImageNet,Pneumothorax,Race,White,5861,0.6772924721996187,0.054567664647286976,0.6586414445399829,0.6015325670498084,0.3984674329501916,0.34135855546001714
ResNet50-ImageNet,Pneumothorax,Race,Black,895,0.6853339283058159,0.07706072293909527,0.6024096385542169,0.6213991769547325,0.37860082304526754,0.3975903614457831
ResNet50-ImageNet,Pneumothorax,Race,Asian,289,0.6555939027897613,0.09966149046962225,0.6557377049180327,0.5482456140350878,0.45175438596491224,0.34426229508196726
ResNet50-ImageNet,Pneumothorax,Race,Other,653,0.7175949367088608,0.03609810105056358,0.68,0.6690777576853526,0.3309222423146474,0.31999999999999995
ResNet50-ImageNet,Support Devices,Gender,Female,4742,0.6893917137875718,0.025797273987132226,0.7813398187043997,0.5251141552511416,0.4748858447488584,0.21866018129560028
ResNet50-ImageNet,Support Devices,Gender,Male,6915,0.7064351633761904,0.01903425735344149,0.7828450619148294,0.5255972696245734,0.4744027303754266,0.2171549380851706
ResNet50-ImageNet,Support Devices,Age,<50,2244,0.7394885760769612,0.02102840373771059,0.7625592417061612,0.6119402985074627,0.3880597014925373,0.23744075829383882
ResNet50-ImageNet,Support Devices,Age,50-70,5077,0.6944428846837742,0.025670865932846038,0.7801111797405806,0.5136363636363637,0.48636363636363633,0.21988882025941936
ResNet50-ImageNet,Support Devices,Age,70+,4336,0.6680881167780599,0.01832039892207562,0.7946385830540929,0.46835443037974683,0.5316455696202531,0.20536141694590715
ResNet50-ImageNet,Support Devices,Race,White,8281,0.6864806718281959,0.023589319816978198,0.7765327961727307,0.5059171597633136,0.49408284023668636,0.22346720382726926
ResNet50-ImageNet,Support Devices,Race,Black,1188,0.7348102462652916,0.024207706054987184,0.7817213842058562,0.6065573770491803,0.39344262295081966,0.21827861579414376
ResNet50-ImageNet,Support Devices,Race,Asian,359,0.7386996904024767,0.023911099628543375,0.7764705882352941,0.631578947368421,0.368421052631579,0.22352941176470587
ResNet50-ImageNet,Support Devices,Race,Other,878,0.7120411663807891,0.024043255500930144,0.7915151515151515,0.5471698113207547,0.4528301886792453,0.2084848484848485
DINOv2-base,Atelectasis,Gender,Female,3185,0.6743846629560916,0.01231181461960524,0.7298701298701299,0.5333333333333333,0.4666666666666667,0.2701298701298701
DINOv2-base,Atelectasis,Gender,Male,4254,0.7141564543472996,0.006989862053422416,0.7243884717849358,0.632,0.368,0.2756115282150642
DINOv2-base,Atelectasis,Age,<50,1175,0.763291724456773,0.009367660459406452,0.6672550750220653,0.7619047619047619,0.23809523809523814,0.33274492497793473
DINOv2-base,Atelectasis,Age,50-70,3089,0.7076330654047346,0.009820196147090888,0.6962663975782039,0.6120689655172413,0.3879310344827587,0.30373360242179614
DINOv2-base,Atelectasis,Age,70+,3175,0.6243330826798439,0.00845922669309191,0.7776345472123751,0.4444444444444444,0.5555555555555556,0.22236545278762487
DINOv2-base,Atelectasis,Race,White,5340,0.6967207511462319,0.009620695419175327,0.7420351419192894,0.577639751552795,0.422360248447205,0.25796485808071057
DINOv2-base,Atelectasis,Race,Black,826,0.7234611036892404,0.018449100063196243,0.6425855513307985,0.6486486486486487,0.3513513513513513,0.35741444866920147
DINOv2-base,Atelectasis,Race,Asian,197,0.5364583333333334,0.016137479075651325,0.6822916666666666,0.6,0.4,0.31770833333333337
DINOv2-base,Atelectasis,Race,Other,620,0.6688815060908084,0.005079222829402448,0.6910299003322259,0.5555555555555556,0.4444444444444444,0.3089700996677741
DINOv2-base,Cardiomegaly,Gender,Female,4246,0.8166013231250213,0.02469277204514427,0.7507218479307026,0.7307351638618246,0.2692648361381754,0.24927815206929738
DINOv2-base,Cardiomegaly,Gender,Male,5177,0.8106816658890572,0.0221417970848246,0.7254593175853018,0.7505486466715435,0.24945135332845647,0.2745406824146982
DINOv2-base,Cardiomegaly,Age,<50,1629,0.8261655811296622,0.044415168807510154,0.6159496327387198,0.8461538461538461,0.15384615384615385,0.38405036726128017
DINOv2-base,Cardiomegaly,Age,50-70,3968,0.8104013062420455,0.0314708556352103,0.7188055456807678,0.7480519480519481,0.2519480519480519,0.2811944543192322
DINOv2-base,Cardiomegaly,Age,70+,3826,0.7728348076772127,0.027021468352525606,0.7893071812717495,0.6240601503759399,0.37593984962406013,0.21069281872825052
DINOv2-base,Cardiomegaly,Race,White,6459,0.8080629290845863,0.01837411710594911,0.7371835111948106,0.7345238095238096,0.2654761904761904,0.2628164888051894
DINOv2-base,Cardiomegaly,Race,Black,1333,0.8254994009153228,0.028724450547772517,0.7670837343599615,0.7414965986394558,0.25850340136054417,0.23291626564003853
DINOv2-base,Cardiomegaly,Race,Asian,281,0.7728996326578979,0.09473193722277164,0.5824742268041238,0.7931034482758621,0.2068965517241379,0.41752577319587625
DINOv2-base,Cardiomegaly,Race,Other,748,0.8082537051902874,0.029921926318406473,0.718336483931947,0.730593607305936,0.26940639269406397,0.28166351606805295
DINOv2-base,Consolidation,Gender,Female,1322,0.8929378531073446,0.019651781548973617,0.76775956284153,0.8711864406779661,0.12881355932203387,0.23224043715846998
DINOv2-base,Consolidation,Gender,Male,1566,0.8720701882781393,0.039506774201157294,0.7787971457696228,0.8051282051282052,0.19487179487179485,0.22120285423037722
DINOv2-base,Consolidation,Age,<50,589,0.8770569364628771,0.043568189032375144,0.7326732673267327,0.8811188811188811,0.11888111888111885,0.26732673267326734
DINOv2-base,Consolidation,Age,50-70,1206,0.8761596743699565,0.04140976946793946,0.7652050919377652,0.843687374749499,0.15631262525050105,0.2347949080622348
DINOv2-base,Consolidation,Age,70+,1093,0.8895356895356895,0.025251742504548643,0.8008534850640113,0.8,0.19999999999999996,0.19914651493598867
DINOv2-base,Consolidation,Race,White,1925,0.8800212618785659,0.032260160636042604,0.7871815940838126,0.8234463276836158,0.1765536723163842,0.2128184059161874
DINOv2-base,Consolidation,Race,Black,419,0.8548630136986302,0.05330174653372456,0.705,0.8584474885844748,0.14155251141552516,0.29500000000000004
DINOv2-base,Consolidation,Race,Asian,106,0.861111111111111,0.11845879542632311,0.7916666666666666,0.7058823529411765,0.2941176470588235,0.20833333333333337
DINOv2-base,Consolidation,Race,Other,236,0.8797755234189509,0.05098838476139774,0.7168141592920354,0.9024390243902439,0.09756097560975607,0.2831858407079646
DINOv2-base,Edema,Gender,Female,3807,0.8877704514278588,0.019779298062060316,0.8172198172198172,0.8148148148148148,0.18518518518518523,0.18278018278018282
DINOv2-base,Edema,Gender,Male,4454,0.8908240769338989,0.017900140593764192,0.8220701454234388,0.8109640831758034,0.18903591682419663,0.17792985457656119
DINOv2-base,Edema,Age,<50,1290,0.900537427163822,0.03672164919568066,0.8007590132827325,0.8636959370904325,0.13630406290956754,0.19924098671726753
DINOv2-base,Edema,Age,50-70,3485,0.8995326594720475,0.016440866948123023,0.8194600674915635,0.8347978910369068,0.16520210896309317,0.18053993250843647
DINOv2-base,Edema,Age,70+,3486,0.8677943463014424,0.031813054760725226,0.8248106060606061,0.7569141193595342,0.24308588064046577,0.17518939393939392
DINOv2-base,Edema,Race,White,5718,0.8909970089743117,0.0208563649402162,0.8316831683168316,0.8063393892539621,0.1936606107460379,0.16831683168316836
DINOv2-base,Edema,Race,Black,1093,0.8821427375330722,0.041710411599218275,0.7801801801801802,0.8215613382899628,0.1784386617100372,0.2198198198198198
DINOv2-base,Edema,Race,Asian,228,0.8789558789558791,0.04712768516396382,0.7606837606837606,0.8378378378378378,0.16216216216216217,0.23931623931623935
DINOv2-base,Edema,Race,Other,685,0.8655121023690838,0.05076231418614671,0.780564263322884,0.7950819672131147,0.20491803278688525,0.21943573667711602
DINOv2-base,Enlarged Cardiomediastinum,Gender,Female,882,0.7919236907945819,0.0581934725423662,0.6921641791044776,0.7658959537572254,0.2341040462427746,0.3078358208955224
DINOv2-base,Enlarged Cardiomediastinum,Gender,Male,1124,0.7624316344804221,0.07565569230253393,0.7089201877934272,0.6927835051546392,0.30721649484536084,0.29107981220657275
DINOv2-base,Enlarged Cardiomediastinum,Age,<50,483,0.7456675279931093,0.08796818554306043,0.6044444444444445,0.810077519379845,0.18992248062015504,0.39555555555555555
DINOv2-base,Enlarged Cardiomediastinum,Age,50-70,891,0.7953488372093024,0.05699068086528729,0.6957364341085271,0.7626666666666667,0.23733333333333329,0.30426356589147285
DINOv2-base,Enlarged Cardiomediastinum,Age,70+,632,0.7176372015081692,0.086161622257385,0.7580645161290323,0.5353535353535354,0.46464646464646464,0.24193548387096775
DINOv2-base,Enlarged Cardiomediastinum,Race,White,1346,0.7652723825379208,0.06167312736649397,0.7120098039215687,0.690566037735849,0.309433962264151,0.28799019607843135
DINOv2-base,Enlarged Cardiomediastinum,Race,Black,223,0.7800970873786408,0.06807333641889601,0.6833333333333333,0.7766990291262136,0.22330097087378642,0.31666666666666665
DINOv2-base,Enlarged Cardiomediastinum,Race,Asian,71,0.7752380952380953,0.17195574336977548,0.62,0.8095238095238095,0.19047619047619047,0.38
DINOv2-base,Enlarged Cardiomediastinum,Race,Other,194,0.7662950257289881,0.07563127822432426,0.6981132075471698,0.7386363636363636,0.26136363636363635,0.30188679245283023
DINOv2-base,Lung Opacity,Gender,Female,3716,0.7283412241778306,0.013629879365228185,0.7376955903271692,0.6467661691542289,0.3532338308457711,0.26230440967283075
DINOv2-base,Lung Opacity,Gender,Male,4738,0.7112483269711793,0.016280220458693845,0.7319310807786977,0.5724907063197026,0.42750929368029744,0.26806891922130227
DINOv2-base,Lung Opacity,Age,<50,1454,0.7181042434015624,0.025728762948968115,0.6416228399699474,0.6991869918699187,0.30081300813008127,0.3583771600300526
DINOv2-base,Lung Opacity,Age,50-70,3409,0.7400556117290191,0.01092621952338705,0.7144186046511628,0.657608695652174,0.34239130434782605,0.2855813953488372
DINOv2-base,Lung Opacity,Age,70+,3591,0.6766989283489989,0.018555778552771178,0.7893815635939323,0.4723926380368098,0.5276073619631902,0.2106184364060677
DINOv2-base,Lung Opacity,Race,White,5827,0.7143328259766615,0.015723399581003224,0.744896115627823,0.565068493150685,0.43493150684931503,0.255103884372177
DINOv2-base,Lung Opacity,Race,Black,1098,0.6924361493123772,0.024578318183716006,0.712180746561886,0.6375,0.36250000000000004,0.287819253438114
DINOv2-base,Lung Opacity,Race,Asian,293,0.7498800959232613,0.010806870445419376,0.7122302158273381,0.6666666666666666,0.33333333333333337,0.28776978417266186
DINOv2-base,Lung Opacity,Race,Other,681,0.7409566157913712,0.022412912267685197,0.7054140127388535,0.6792452830188679,0.3207547169811321,0.2945859872611465
DINOv2-base,Pleural Effusion,Gender,Female,5712,0.8955786361588094,0.015903478493400822,0.8556383251990752,0.7910940076965366,0.2089059923034634,0.14436167480092477
DINOv2-base,Pleural Effusion,Gender,Male,6990,0.8744837968580992,0.026800817658861765,0.820659062103929,0.7734929078014184,0.22650709219858156,0.17934093789607097
DINOv2-base,Pleural Effusion,Age,<50,2081,0.8833724420493954,0.023491584378117845,0.7555350553505535,0.8565697091273822,0.14343029087261783,0.24446494464944646
DINOv2-base,Pleural Effusion,Age,50-70,5288,0.8791390312737118,0.02414414311167449,0.8079295154185022,0.8066914498141264,0.19330855018587356,0.19207048458149778
DINOv2-base,Pleural Effusion,Age,70+,5333,0.869439282009177,0.016882788114419747,0.8811019816336394,0.6786610878661088,0.3213389121338912,0.1188980183663606
DINOv2-base,Pleural Effusion,Race,White,9135,0.8822529161134689,0.016353447956336697,0.8483955975817703,0.763785394932936,0.23621460506706404,0.1516044024182297
DINOv2-base,Pleural Effusion,Race,Black,1390,0.8543014449934627,0.027313138476435364,0.7487562189054726,0.8139931740614335,0.18600682593856654,0.2512437810945274
DINOv2-base,Pleural Effusion,Race,Asian,387,0.8667743739514074,0.03545483229452423,0.8458646616541353,0.7768595041322314,0.22314049586776863,0.15413533834586468
DINOv2-base,Pleural Effusion,Race,Other,1046,0.887472460103071,0.02331840773201691,0.8031496062992126,0.8102189781021898,0.1897810218978102,0.19685039370078738
DINOv2-base,Pneumonia,Gender,Female,2800,0.7406718712884726,0.029253395647834288,0.6019503546099291,0.7511961722488039,0.24880382775119614,0.3980496453900709
DINOv2-base,Pneumonia,Gender,Male,3183,0.7507743824848171,0.03471839009196994,0.6563444108761329,0.7299623453469607,0.2700376546530393,0.34365558912386707
DINOv2-base,Pneumonia,Age,<50,1330,0.7498944941628142,0.01861073156989431,0.5691382765531062,0.8038507821901324,0.1961492178098676,0.4308617234468938
DINOv2-base,Pneumonia,Age,50-70,2601,0.7489551174032298,0.026045869673623913,0.5961722488038278,0.7724935732647815,0.22750642673521848,0.4038277511961722
DINOv2-base,Pneumonia,Age,70+,2052,0.7344977434459813,0.04407398919137159,0.7059471365638766,0.6494755244755245,0.3505244755244755,0.29405286343612336
DINOv2-base,Pneumonia,Race,White,3927,0.7503970731863522,0.029323792238671164,0.6501529051987768,0.7264397905759162,0.27356020942408377,0.3498470948012232
DINOv2-base,Pneumonia,Race,Black,872,0.7308732089753986,0.03195008834861563,0.5864197530864198,0.7572992700729927,0.2427007299270073,0.4135802469135802
DINOv2-base,Pneumonia,Race,Asian,227,0.7127244340359095,0.09201831684837777,0.6476190476190476,0.6229508196721312,0.3770491803278688,0.35238095238095235
DINOv2-base,Pneumonia,Race,Other,541,0.751335656213705,0.05002323361927853,0.6195121951219512,0.7708333333333334,0.22916666666666663,0.3804878048780488
DINOv2-base,Pneumothorax,Gender,Female,3465,0.7181085668178404,0.02978706972761845,0.6173228346456693,0.711660777385159,0.288339222614841,0.3826771653543307
DINOv2-base,Pneumothorax,Gender,Male,4825,0.6913714077731857,0.04305515234226531,0.5804828973843058,0.6914643696162882,0.3085356303837118,0.4195171026156942
DINOv2-base,Pneumothorax,Age,<50,1761,0.7212104033532606,0.06624838975782639,0.6031746031746031,0.7015151515151515,0.29848484848484846,0.39682539682539686
DINOv2-base,Pneumothorax,Age,50-70,3471,0.6920451112346809,0.03810667984951618,0.5641421947449768,0.7248583569405099,0.27514164305949007,0.43585780525502316
DINOv2-base,Pneumothorax,Age,70+,3058,0.7040391511474284,0.04401926284035327,0.6247689463955638,0.6714342471195868,0.32856575288041323,0.3752310536044362
DINOv2-base,Pneumothorax,Race,White,5861,0.6968044432291671,0.040991564822453086,0.592433361994841,0.6960408684546615,0.3039591315453385,0.407566638005159
DINOv2-base,Pneumothorax,Race,Black,895,0.7507561108632059,0.02103417919673526,0.6144578313253012,0.7379972565157751,0.2620027434842249,0.3855421686746988
DINOv2-base,Pneumothorax,Race,Asian,289,0.7238280126545873,0.06758882795716224,0.7868852459016393,0.5307017543859649,0.4692982456140351,0.21311475409836067
DINOv2-base,Pneumothorax,Race,Other,653,0.7285533453887885,0.05068709027804926,0.53,0.72875226039783,0.27124773960216997,0.47
DINOv2-base,Support Devices,Gender,Female,4742,0.7217438621676929,0.015404888728211056,0.7357948264426266,0.6027397260273972,0.3972602739726028,0.2642051735573734
DINOv2-base,Support Devices,Gender,Male,6915,0.7632228078295227,0.008205204730467168,0.7517366354575656,0.6484641638225256,0.3515358361774744,0.24826336454243436
DINOv2-base,Support Devices,Age,<50,2244,0.7907087783829667,0.008742633396449017,0.7336492890995261,0.7238805970149254,0.27611940298507465,0.2663507109004739
DINOv2-base,Support Devices,Age,50-70,5077,0.7299043554756957,0.012391237590204735,0.7420218241712991,0.5954545454545455,0.40454545454545454,0.25797817582870086
DINOv2-base,Support Devices,Age,70+,4336,0.7267210402894002,0.012963714311498701,0.7549066539013882,0.5949367088607594,0.40506329113924056,0.24509334609861178
DINOv2-base,Support Devices,Race,White,8281,0.7424128423895998,0.011731864421103329,0.737504721138109,0.6331360946745562,0.3668639053254438,0.26249527886189095
DINOv2-base,Support Devices,Race,Black,1188,0.701034226948085,0.016205729409286305,0.7204968944099379,0.5737704918032787,0.42622950819672134,0.2795031055900621
DINOv2-base,Support Devices,Race,Asian,359,0.7919504643962849,0.01789056647329277,0.6794117647058824,0.7368421052631579,0.26315789473684215,0.3205882352941176
DINOv2-base,Support Devices,Race,Other,878,0.7448370497427103,0.014981116958907002,0.776969696969697,0.6226415094339622,0.37735849056603776,0.22303030303030302
BiomedCLIP,Atelectasis,Gender,Female,3185,0.7227767470624613,0.004816071847265263,0.5925324675324676,0.780952380952381,0.21904761904761905,0.4074675324675324
BiomedCLIP,Atelectasis,Gender,Male,4254,0.6979607653184791,0.002783509404154289,0.5328166626301768,0.768,0.23199999999999998,0.4671833373698232
BiomedCLIP,Atelectasis,Age,<50,1175,0.7679569621317194,0.0019122866467960497,0.502206531332745,0.9047619047619048,0.09523809523809523,0.49779346866725505
BiomedCLIP,Atelectasis,Age,50-70,3089,0.695924237679344,0.0061188586911901125,0.5418768920282543,0.7413793103448276,0.2586206896551724,0.4581231079717457
BiomedCLIP,Atelectasis,Age,70+,3175,0.678451856626204,0.004783560331353777,0.5945858846277796,0.75,0.25,0.4054141153722204
BiomedCLIP,Atelectasis,Race,White,5340,0.7120778010575437,3.6518339057353176e-05,0.5632361459741263,0.7888198757763976,0.21118012422360244,0.4367638540258737
BiomedCLIP,Atelectasis,Race,Black,826,0.7207892302949337,0.012523781326192703,0.5171102661596958,0.8108108108108109,0.18918918918918914,0.4828897338403042
BiomedCLIP,Atelectasis,Race,Asian,197,0.49583333333333335,0.005696856994454946,0.6041666666666666,0.4,0.6,0.39583333333333337
BiomedCLIP,Atelectasis,Race,Other,620,0.6900147655961609,0.0022241461632896376,0.5332225913621262,0.7222222222222222,0.2777777777777778,0.46677740863787376
BiomedCLIP,Cardiomegaly,Gender,Female,4246,0.8517225887465889,0.022753718219706964,0.8004491498235483,0.7422497785651019,0.2577502214348981,0.1995508501764517
BiomedCLIP,Cardiomegaly,Gender,Male,5177,0.8425893818868837,0.009767218840608006,0.7614173228346457,0.7600585223116313,0.2399414776883687,0.2385826771653543
BiomedCLIP,Cardiomegaly,Age,<50,1629,0.8555635582433547,0.0639275753387174,0.7156348373557188,0.8150887573964497,0.1849112426035503,0.28436516264428124
BiomedCLIP,Cardiomegaly,Age,50-70,3968,0.8437452581782479,0.021009878468934373,0.7536437966583719,0.7740259740259741,0.22597402597402594,0.2463562033416281
BiomedCLIP,Cardiomegaly,Age,70+,3826,0.8186202615047584,0.020317956158889334,0.8206263840556786,0.649624060150376,0.350375939849624,0.17937361594432144
BiomedCLIP,Cardiomegaly,Race,White,6459,0.8421027262128956,0.016835375843922955,0.7796610169491526,0.7416666666666667,0.2583333333333333,0.22033898305084743
BiomedCLIP,Cardiomegaly,Race,Black,1333,0.8709807310797274,0.02622554719501838,0.8200192492781521,0.7857142857142857,0.2142857142857143,0.17998075072184794
BiomedCLIP,Cardiomegaly,Race,Asian,281,0.8102855788600545,0.048495876275994186,0.6958762886597938,0.8045977011494253,0.1954022988505747,0.3041237113402062
BiomedCLIP,Cardiomegaly,Race,Other,748,0.8555731068355044,0.04314694869368851,0.7410207939508506,0.7899543378995434,0.2100456621004566,0.25897920604914937
BiomedCLIP,Consolidation,Gender,Female,1322,0.9076248031860703,0.025158899375370657,0.8415300546448088,0.8338983050847457,0.16610169491525428,0.1584699453551912
BiomedCLIP,Consolidation,Gender,Male,1566,0.8913649947289091,0.02206878580899423,0.8532110091743119,0.7897435897435897,0.2102564102564103,0.14678899082568808
BiomedCLIP,Consolidation,Age,<50,589,0.8944702162523944,0.033390558340622406,0.8250825082508251,0.8531468531468531,0.14685314685314688,0.17491749174917492
BiomedCLIP,Consolidation,Age,50-70,1206,0.9117754603974568,0.026766473759176807,0.8486562942008486,0.8316633266533067,0.16833667334669333,0.15134370579915135
BiomedCLIP,Consolidation,Age,70+,1093,0.8825801510012037,0.018018774855983702,0.8577524893314367,0.7564102564102564,0.2435897435897436,0.14224751066856334
BiomedCLIP,Consolidation,Race,White,1925,0.8917257403358263,0.017155491517948703,0.8496302382908792,0.786723163841808,0.21327683615819204,0.15036976170912075
BiomedCLIP,Consolidation,Race,Black,419,0.888538812785388,0.049093896296483044,0.84,0.8401826484018264,0.15981735159817356,0.16000000000000003
BiomedCLIP,Consolidation,Race,Asian,106,0.8901143790849674,0.06088497076798918,0.875,0.7058823529411765,0.2941176470588235,0.125
BiomedCLIP,Consolidation,Race,Other,236,0.9053888768976186,0.06315657871146464,0.7610619469026548,0.9105691056910569,0.08943089430894313,0.23893805309734517
BiomedCLIP,Edema,Gender,Female,3807,0.8924354323659879,0.014309355514781913,0.8292448292448292,0.8009259259259259,0.19907407407407407,0.17075517075517077
BiomedCLIP,Edema,Gender,Male,4454,0.886448073337527,0.01742662747920835,0.8246364414029085,0.7892249527410208,0.21077504725897922,0.17536355859709152
BiomedCLIP,Edema,Age,<50,1290,0.9085851564656642,0.04203879592912184,0.8235294117647058,0.8348623853211009,0.1651376146788991,0.17647058823529416
BiomedCLIP,Edema,Age,50-70,3485,0.8990815954684047,0.020841932946512605,0.8233970753655793,0.8125366139425894,0.18746338605741064,0.17660292463442073
BiomedCLIP,Edema,Age,70+,3486,0.8651105762868864,0.0252474869012959,0.8304924242424242,0.7496360989810772,0.2503639010189228,0.1695075757575758
BiomedCLIP,Edema,Race,White,5718,0.8884787053465001,0.01906988784393739,0.8297668476525072,0.7939698492462312,0.20603015075376885,0.1702331523474928
BiomedCLIP,Edema,Race,Black,1093,0.8878462105227904,0.0254821684529875,0.827027027027027,0.7955390334572491,0.20446096654275092,0.17297297297297298
BiomedCLIP,Edema,Race,Asian,228,0.8738738738738739,0.0598292646820979,0.8034188034188035,0.7567567567567568,0.2432432432432432,0.19658119658119655
BiomedCLIP,Edema,Race,Other,685,0.8711735786354214,0.0297241257219661,0.768025078369906,0.7978142076502732,0.20218579234972678,0.23197492163009403
BiomedCLIP,Enlarged Cardiomediastinum,Gender,Female,882,0.8104024674316279,0.050706935740548326,0.75,0.7716763005780347,0.2283236994219653,0.25
BiomedCLIP,Enlarged Cardiomediastinum,Gender,Male,1124,0.7861058677379282,0.05385291687270318,0.7543035993740219,0.7278350515463917,0.2721649484536083,0.24569640062597808
BiomedCLIP,Enlarged Cardiomediastinum,Age,<50,483,0.7371403962101637,0.08401612383202625,0.5911111111111111,0.810077519379845,0.18992248062015504,0.40888888888888886
BiomedCLIP,Enlarged Cardiomediastinum,Age,50-70,891,0.8303565891472868,0.05236868921731763,0.7674418604651163,0.7946666666666666,0.20533333333333337,0.2325581395348837
BiomedCLIP,Enlarged Cardiomediastinum,Age,70+,632,0.7473351021738119,0.058897979702052475,0.8179723502304147,0.5707070707070707,0.4292929292929293,0.1820276497695853
BiomedCLIP,Enlarged Cardiomediastinum,Race,White,1346,0.7903509988901221,0.04714105033345703,0.7659313725490197,0.7264150943396226,0.2735849056603774,0.23406862745098034
BiomedCLIP,Enlarged Cardiomediastinum,Race,Black,223,0.7800161812297735,0.05386205803987488,0.7,0.7766990291262136,0.22330097087378642,0.30000000000000004
BiomedCLIP,Enlarged Cardiomediastinum,Race,Asian,71,0.7761904761904762,0.15350547263902686,0.76,0.7142857142857143,0.2857142857142857,0.24
BiomedCLIP,Enlarged Cardiomediastinum,Race,Other,194,0.7969554030874786,0.043065299339956516,0.6792452830188679,0.7840909090909091,0.21590909090909094,0.3207547169811321
BiomedCLIP,Lung Opacity,Gender,Female,3716,0.7673495962576875,0.006184504741664421,0.6623044096728308,0.746268656716418,0.25373134328358204,0.3376955903271692
BiomedCLIP,Lung Opacity,Gender,Male,4738,0.7494536921427329,0.006648655217640179,0.6462295815618707,0.758364312267658,0.241635687732342,0.3537704184381293
BiomedCLIP,Lung Opacity,Age,<50,1454,0.757337535809618,0.02176038817642321,0.574755822689707,0.8130081300813008,0.1869918699186992,0.42524417731029296
BiomedCLIP,Lung Opacity,Age,50-70,3409,0.7650842601954837,0.003921626937106467,0.6362790697674419,0.782608695652174,0.21739130434782605,0.36372093023255814
BiomedCLIP,Lung Opacity,Age,70+,3591,0.7334509739353288,0.00603126203331363,0.6998249708284714,0.6748466257668712,0.32515337423312884,0.3001750291715286
BiomedCLIP,Lung Opacity,Race,White,5827,0.7635377609483858,0.0032008463963316067,0.6673893405600723,0.7397260273972602,0.26027397260273977,0.33261065943992774
BiomedCLIP,Lung Opacity,Race,Black,1098,0.7230108055009823,0.01990089249692665,0.6051080550098232,0.725,0.275,0.39489194499017677
BiomedCLIP,Lung Opacity,Race,Asian,293,0.8112709832134292,0.010216254877687143,0.6942446043165468,0.8,0.19999999999999996,0.3057553956834532
BiomedCLIP,Lung Opacity,Race,Other,681,0.7444718182910708,0.022666237285146114,0.5939490445859873,0.8113207547169812,0.18867924528301883,0.4060509554140127
BiomedCLIP,Pleural Effusion,Gender,Female,5712,0.898128143902159,0.019992355081454374,0.8697662471101978,0.7647058823529411,0.23529411764705888,0.1302337528898022
BiomedCLIP,Pleural Effusion,Gender,Male,6990,0.8842247083868919,0.015540621515213428,0.8223489649345163,0.7788120567375887,0.2211879432624113,0.17765103506548374
BiomedCLIP,Pleural Effusion,Age,<50,2081,0.9024851306687591,0.030102641435296146,0.794280442804428,0.8686058174523571,0.1313941825476429,0.205719557195572
BiomedCLIP,Pleural Effusion,Age,50-70,5288,0.8877287547677145,0.014586847113526077,0.8287812041116006,0.7769516728624535,0.22304832713754652,0.1712187958883994
BiomedCLIP,Pleural Effusion,Age,70+,5333,0.8682902216622749,0.024118960346891143,0.8690188496858385,0.6853556485355649,0.31464435146443515,0.13098115031416147
BiomedCLIP,Pleural Effusion,Race,White,9135,0.8901449214426488,0.008227865653228719,0.8505658037513564,0.7645305514157973,0.2354694485842027,0.14943419624864362
BiomedCLIP,Pleural Effusion,Race,Black,1390,0.8617429066272732,0.045011107204599804,0.7848258706467661,0.7747440273037542,0.22525597269624575,0.21517412935323388
BiomedCLIP,Pleural Effusion,Race,Asian,387,0.8756912943515814,0.042064154242153984,0.8609022556390977,0.7520661157024794,0.2479338842975206,0.13909774436090228
BiomedCLIP,Pleural Effusion,Race,Other,1046,0.90301358315612,0.04088898684922539,0.8251968503937008,0.8150851581508516,0.18491484184914841,0.17480314960629917
BiomedCLIP,Pneumonia,Gender,Female,2800,0.7645884234280091,0.016683504918732862,0.5762411347517731,0.8157894736842105,0.1842105263157895,0.4237588652482269
BiomedCLIP,Pneumonia,Gender,Male,3183,0.7764789242827821,0.022705507355654617,0.6261329305135952,0.778375470683163,0.22162452931683696,0.3738670694864048
BiomedCLIP,Pneumonia,Age,<50,1330,0.7839023413855388,0.02414827913602075,0.5671342685370742,0.8628158844765343,0.13718411552346566,0.43286573146292584
BiomedCLIP,Pneumonia,Age,50-70,2601,0.7807597692525308,0.028193055568925898,0.5933014354066986,0.8020565552699229,0.19794344473007708,0.40669856459330145
BiomedCLIP,Pneumonia,Age,70+,2052,0.7425795570068697,0.02992203880934247,0.6343612334801763,0.7395104895104895,0.2604895104895105,0.36563876651982374
BiomedCLIP,Pneumonia,Race,White,3927,0.7651981896878384,0.02117201117656256,0.618960244648318,0.7766143106457243,0.22338568935427572,0.381039755351682
BiomedCLIP,Pneumonia,Race,Black,872,0.7866991078669912,0.03731517496146391,0.5771604938271605,0.8357664233576643,0.16423357664233573,0.4228395061728395
BiomedCLIP,Pneumonia,Race,Asian,227,0.7405152224824356,0.10074040133516475,0.6095238095238096,0.7213114754098361,0.2786885245901639,0.3904761904761904
BiomedCLIP,Pneumonia,Race,Other,541,0.7823315911730545,0.03050649049392968,0.5463414634146342,0.8422619047619048,0.15773809523809523,0.4536585365853658
BiomedCLIP,Pneumothorax,Gender,Female,3465,0.704090592916168,0.025684467095907094,0.521259842519685,0.7568904593639576,0.2431095406360424,0.47874015748031495
BiomedCLIP,Pneumothorax,Gender,Male,4825,0.6952169818703398,0.021254054308761226,0.5492957746478874,0.7522839989558862,0.24771600104411384,0.45070422535211263
BiomedCLIP,Pneumothorax,Age,<50,1761,0.72432831718546,0.05990291508706753,0.5714285714285714,0.7674242424242425,0.23257575757575755,0.4285714285714286
BiomedCLIP,Pneumothorax,Age,50-70,3471,0.7047689050794471,0.021002055600023082,0.5100463678516228,0.7878895184135978,0.21211048158640222,0.48995363214837717
BiomedCLIP,Pneumothorax,Age,70+,3058,0.6771425654899732,0.030081646045144267,0.5452865064695009,0.709574890742948,0.290425109257052,0.45471349353049906
BiomedCLIP,Pneumothorax,Race,White,5861,0.6959277598231552,0.020512348897343297,0.5434221840068788,0.7507449978714347,0.24925500212856533,0.4565778159931212
BiomedCLIP,Pneumothorax,Race,Black,895,0.7491943080965837,0.02259532058854641,0.5843373493975904,0.7654320987654321,0.23456790123456794,0.4156626506024096
BiomedCLIP,Pneumothorax,Race,Asian,289,0.7476272648835203,0.06418593943840965,0.7213114754098361,0.6008771929824561,0.3991228070175439,0.2786885245901639
BiomedCLIP,Pneumothorax,Race,Other,653,0.7085714285714286,0.01849445664585298,0.46,0.8264014466546112,0.17359855334538876,0.54
BiomedCLIP,Support Devices,Gender,Female,4742,0.7647700186868334,0.004719110416096989,0.6022551403935441,0.7899543378995434,0.2100456621004566,0.3977448596064559
BiomedCLIP,Support Devices,Gender,Male,6915,0.7614101510839346,0.00409154275311806,0.6375717305949864,0.7713310580204779,0.22866894197952214,0.3624282694050136
BiomedCLIP,Support Devices,Age,<50,2244,0.7944259743934357,0.00798934612751186,0.6175355450236967,0.7985074626865671,0.20149253731343286,0.3824644549763033
BiomedCLIP,Support Devices,Age,50-70,5077,0.7618264173545211,0.004786931244238667,0.6304303067737287,0.7818181818181819,0.21818181818181814,0.3695696932262713
BiomedCLIP,Support Devices,Age,70+,4336,0.737023650102102,0.00818602746632024,0.6177596936333174,0.759493670886076,0.240506329113924,0.3822403063666826
BiomedCLIP,Support Devices,Race,White,8281,0.7466702474062608,0.007212332566644255,0.6118594989298753,0.7692307692307693,0.23076923076923073,0.38814050107012465
BiomedCLIP,Support Devices,Race,Black,1188,0.7762666007243951,0.0022411164263154305,0.6033717834960071,0.7704918032786885,0.2295081967213115,0.39662821650399294
BiomedCLIP,Support Devices,Race,Asian,359,0.8461300309597523,0.01859854474609124,0.5117647058823529,1.0,0.0,0.4882352941176471
BiomedCLIP,Support Devices,Race,Other,878,0.7544654088050315,0.012685170332264802,0.6424242424242425,0.7735849056603774,0.2264150943396226,0.35757575757575755
XRV-DenseNet-nih,Atelectasis,Gender,Female,3185,0.6444186765615336,0.003952903637961951,0.6944805194805195,0.5714285714285714,0.4285714285714286,0.3055194805194805
XRV-DenseNet-nih,Atelectasis,Gender,Male,4254,0.6748365221603294,0.004065312517514288,0.6563332526035359,0.632,0.368,0.3436667473964641
XRV-DenseNet-nih,Atelectasis,Age,<50,1175,0.7748707603076535,0.004341740325064389,0.6284201235657546,0.7619047619047619,0.23809523809523814,0.3715798764342454
XRV-DenseNet-nih,Atelectasis,Age,50-70,3089,0.6464995302550541,0.005905336290598927,0.6491759165825766,0.5862068965517241,0.4137931034482759,0.35082408341742344
XRV-DenseNet-nih,Atelectasis,Age,70+,3175,0.5999615067855479,0.00555922408712524,0.7112471801482436,0.5416666666666666,0.45833333333333337,0.2887528198517564
XRV-DenseNet-nih,Atelectasis,Race,White,5340,0.6830906947431037,0.002232554058310585,0.6744545279011392,0.6273291925465838,0.3726708074534162,0.32554547209886076
XRV-DenseNet-nih,Atelectasis,Race,Black,826,0.5516390915630459,0.013974204917822353,0.6311787072243346,0.4864864864864865,0.5135135135135135,0.36882129277566544
XRV-DenseNet-nih,Atelectasis,Race,Asian,197,0.65625,0.004358801559396575,0.703125,0.6,0.4,0.296875
XRV-DenseNet-nih,Atelectasis,Race,Other,620,0.6646363971945367,0.0033950757400552705,0.6694352159468439,0.6666666666666666,0.33333333333333337,0.33056478405315615
XRV-DenseNet-nih,Cardiomegaly,Gender,Female,4246,0.8087444691004188,0.024922577902867997,0.7292268206608918,0.75022143489814,0.24977856510186003,0.27077317933910816
XRV-DenseNet-nih,Cardiomegaly,Gender,Male,5177,0.80215964226125,0.015565126762856658,0.7065616797900263,0.7490855888807608,0.2509144111192392,0.29343832020997374
XRV-DenseNet-nih,Cardiomegaly,Age,<50,1629,0.8266576429462862,0.08447652885207024,0.6495278069254984,0.8121301775147929,0.18786982248520712,0.3504721930745016
XRV-DenseNet-nih,Cardiomegaly,Age,50-70,3968,0.8058922473426561,0.03005537197834472,0.7070742979025951,0.7601731601731602,0.23982683982683983,0.29292570209740487
XRV-DenseNet-nih,Cardiomegaly,Age,70+,3826,0.764273226565306,0.03122925777711556,0.7456501107244543,0.6676691729323309,0.33233082706766914,0.2543498892755457
XRV-DenseNet-nih,Cardiomegaly,Race,White,6459,0.8016165715082852,0.01784340781947594,0.7250470809792844,0.7404761904761905,0.2595238095238095,0.2749529190207156
XRV-DenseNet-nih,Cardiomegaly,Race,Black,1333,0.8106532314562014,0.04246969853566387,0.7045235803657363,0.7585034013605442,0.24149659863945583,0.29547641963426374
XRV-DenseNet-nih,Cardiomegaly,Race,Asian,281,0.7462969546154757,0.10166263847812351,0.6597938144329897,0.7471264367816092,0.25287356321839083,0.3402061855670103
XRV-DenseNet-nih,Cardiomegaly,Race,Other,748,0.820303665915702,0.030501360328217313,0.6767485822306238,0.771689497716895,0.228310502283105,0.32325141776937616
XRV-DenseNet-nih,Consolidation,Gender,Female,1322,0.8057562285820136,0.034924063804204625,0.6734972677595629,0.8135593220338984,0.18644067796610164,0.32650273224043713
XRV-DenseNet-nih,Consolidation,Gender,Male,1566,0.7743763994528521,0.03583468224200646,0.6962283384301733,0.7487179487179487,0.2512820512820513,0.3037716615698267
XRV-DenseNet-nih,Consolidation,Age,<50,589,0.7849823443882851,0.034092498110906505,0.6270627062706271,0.8251748251748252,0.1748251748251748,0.3729372937293729
XRV-DenseNet-nih,Consolidation,Age,50-70,1206,0.8027993752710514,0.04384309697694222,0.6775106082036775,0.8036072144288577,0.19639278557114226,0.3224893917963225
XRV-DenseNet-nih,Consolidation,Age,70+,1093,0.771444724076303,0.028078855876450922,0.7211948790896159,0.7205128205128205,0.2794871794871795,0.2788051209103841
XRV-DenseNet-nih,Consolidation,Race,White,1925,0.7806904539736037,0.03379088199826587,0.6836483155299918,0.7612994350282486,0.2387005649717514,0.31635168447000817
XRV-DenseNet-nih,Consolidation,Race,Black,419,0.7808219178082192,0.11408010760493255,0.67,0.8082191780821918,0.1917808219178082,0.32999999999999996
XRV-DenseNet-nih,Consolidation,Race,Asian,106,0.8243464052287582,0.09543259152380298,0.7361111111111112,0.8235294117647058,0.17647058823529416,0.26388888888888884
XRV-DenseNet-nih,Consolidation,Race,Other,236,0.8053097345132744,0.0961649784744154,0.7079646017699115,0.8373983739837398,0.16260162601626016,0.2920353982300885
XRV-DenseNet-nih,Edema,Gender,Female,3807,0.8321572760230167,0.012363958651437449,0.7782587782587782,0.7413194444444444,0.2586805555555556,0.2217412217412218
XRV-DenseNet-nih,Edema,Gender,Male,4454,0.8293008905224927,0.01359311419161683,0.7639007698887939,0.7523629489603024,0.24763705103969758,0.23609923011120615
XRV-DenseNet-nih,Edema,Age,<50,1290,0.8651682040084457,0.06382849860513859,0.7912713472485768,0.7968545216251638,0.2031454783748362,0.20872865275142316
XRV-DenseNet-nih,Edema,Age,50-70,3485,0.8323718981524497,0.019499063405306754,0.7592800899887514,0.7680140597539543,0.23198594024604569,0.2407199100112486
XRV-DenseNet-nih,Edema,Age,70+,3486,0.8084143840148206,0.023683149853772408,0.775094696969697,0.6943231441048034,0.30567685589519655,0.22490530303030298
XRV-DenseNet-nih,Edema,Race,White,5718,0.8268749590272567,0.014987607273216675,0.7630150111785372,0.7483571704677232,0.2516428295322768,0.2369849888214628
XRV-DenseNet-nih,Edema,Race,Black,1093,0.8545865568170401,0.030029319936081763,0.7927927927927928,0.775092936802974,0.22490706319702602,0.2072072072072072
XRV-DenseNet-nih,Edema,Race,Asian,228,0.8336798336798337,0.06183465613668921,0.7606837606837606,0.7297297297297297,0.2702702702702703,0.23931623931623935
XRV-DenseNet-nih,Edema,Race,Other,685,0.7992274354625966,0.05737694067690731,0.7836990595611285,0.7021857923497268,0.2978142076502732,0.2163009404388715
XRV-DenseNet-nih,Enlarged Cardiomediastinum,Gender,Female,882,0.776793417306531,0.057759709636540875,0.7182835820895522,0.7427745664739884,0.25722543352601157,0.28171641791044777
XRV-DenseNet-nih,Enlarged Cardiomediastinum,Gender,Male,1124,0.7613055192552797,0.03780286098124189,0.7073552425665102,0.6907216494845361,0.30927835051546393,0.29264475743348983
XRV-DenseNet-nih,Enlarged Cardiomediastinum,Age,<50,483,0.726752799310939,0.0550514798460029,0.56,0.7790697674418605,0.22093023255813948,0.43999999999999995
XRV-DenseNet-nih,Enlarged Cardiomediastinum,Age,50-70,891,0.7938139534883721,0.045420038502386115,0.7267441860465116,0.744,0.256,0.2732558139534884
XRV-DenseNet-nih,Enlarged Cardiomediastinum,Age,70+,632,0.7281455104035749,0.04408501169320246,0.7741935483870968,0.5656565656565656,0.43434343434343436,0.22580645161290325
XRV-DenseNet-nih,Enlarged Cardiomediastinum,Race,White,1346,0.7576558453570108,0.029098936879918807,0.7193627450980392,0.6849056603773584,0.31509433962264155,0.2806372549019608
XRV-DenseNet-nih,Enlarged Cardiomediastinum,Race,Black,223,0.7763754045307443,0.07893746945190103,0.7166666666666667,0.7475728155339806,0.2524271844660194,0.2833333333333333
XRV-DenseNet-nih,Enlarged Cardiomediastinum,Race,Asian,71,0.681904761904762,0.20567736453525148,0.64,0.7142857142857143,0.2857142857142857,0.36
XRV-DenseNet-nih,Enlarged Cardiomediastinum,Race,Other,194,0.8107847341337908,0.0823252381505493,0.7358490566037735,0.8068181818181818,0.19318181818181823,0.26415094339622647
XRV-DenseNet-nih,Lung Opacity,Gender,Female,3716,0.6904595089983935,0.008664214066966306,0.5567567567567567,0.736318407960199,0.263681592039801,0.44324324324324327
XRV-DenseNet-nih,Lung Opacity,Gender,Male,4738,0.6496084966988616,0.010308323328807299,0.5126426493622734,0.7137546468401487,0.28624535315985133,0.48735735063772656
XRV-DenseNet-nih,Lung Opacity,Age,<50,1454,0.6961328666630017,0.02492419888966501,0.48159278737791134,0.8211382113821138,0.17886178861788615,0.5184072126220887
XRV-DenseNet-nih,Lung Opacity,Age,50-70,3409,0.678174924165824,0.007549060932324313,0.4951937984496124,0.7771739130434783,0.22282608695652173,0.5048062015503876
XRV-DenseNet-nih,Lung Opacity,Age,70+,3591,0.6175594705457045,0.010256311076529537,0.5863477246207701,0.588957055214724,0.41104294478527603,0.4136522753792299
XRV-DenseNet-nih,Lung Opacity,Race,White,5827,0.6784070237962654,0.006155459626441978,0.5304426377597109,0.726027397260274,0.273972602739726,0.4695573622402891
XRV-DenseNet-nih,Lung Opacity,Race,Black,1098,0.6104985265225933,0.022096762862958023,0.5098231827111984,0.6625,0.3375,0.4901768172888016
XRV-DenseNet-nih,Lung Opacity,Race,Asian,293,0.7520383693045564,0.01010116583708957,0.5899280575539568,0.8,0.19999999999999996,0.41007194244604317
XRV-DenseNet-nih,Lung Opacity,Race,Other,681,0.6491106838120418,0.027687835743551725,0.5238853503184714,0.7547169811320755,0.24528301886792447,0.4761146496815286
XRV-DenseNet-nih,Pleural Effusion,Gender,Female,5712,0.8029068398799272,0.022209712602417803,0.8237862830721808,0.6327652556349642,0.3672347443650358,0.17621371692781918
XRV-DenseNet-nih,Pleural Effusion,Gender,Male,6990,0.7877767440606208,0.010913091369088117,0.7788339670468948,0.6573581560283688,0.3426418439716312,0.22116603295310522
XRV-DenseNet-nih,Pleural Effusion,Age,<50,2081,0.8217706625411288,0.0553346442853217,0.7380073800738007,0.7662988966900702,0.23370110330992977,0.26199261992619927
XRV-DenseNet-nih,Pleural Effusion,Age,50-70,5288,0.7858612845593506,0.015460542216295566,0.7635829662261381,0.667020711630377,0.332979288369623,0.23641703377386192
XRV-DenseNet-nih,Pleural Effusion,Age,70+,5333,0.7568966877051351,0.03292650341188321,0.8443692605123247,0.5138075313807532,0.4861924686192468,0.15563073948767525
XRV-DenseNet-nih,Pleural Effusion,Race,White,9135,0.7934514248302174,0.021246340742844125,0.7994109440396838,0.6494038748137109,0.35059612518628913,0.20058905596031618
XRV-DenseNet-nih,Pleural Effusion,Race,Black,1390,0.7617862054913147,0.06691563028707054,0.7524875621890548,0.6245733788395904,0.3754266211604096,0.24751243781094523
XRV-DenseNet-nih,Pleural Effusion,Race,Asian,387,0.7613869384204314,0.05601130780569317,0.8308270676691729,0.5619834710743802,0.4380165289256198,0.16917293233082709
XRV-DenseNet-nih,Pleural Effusion,Race,Other,1046,0.8075291683430083,0.04793425364559775,0.8015748031496063,0.6496350364963503,0.35036496350364965,0.19842519685039373
XRV-DenseNet-nih,Pneumonia,Gender,Female,2800,0.6963891080457429,0.02701296139357767,0.6471631205673759,0.6566985645933014,0.34330143540669855,0.3528368794326241
XRV-DenseNet-nih,Pneumonia,Gender,Male,3183,0.709159652803622,0.02633003192991392,0.6827794561933535,0.6261430876815492,0.37385691231845075,0.31722054380664655
XRV-DenseNet-nih,Pneumonia,Age,<50,1330,0.6877798919137914,0.034440272738319455,0.5731462925851704,0.7148014440433214,0.28519855595667865,0.42685370741482964
XRV-DenseNet-nih,Pneumonia,Age,50-70,2601,0.717871243896139,0.027960139041352954,0.6488038277511962,0.6825192802056556,0.31748071979434445,0.35119617224880384
XRV-DenseNet-nih,Pneumonia,Age,70+,2052,0.6863024090446997,0.03021406210096224,0.737885462555066,0.5297202797202797,0.4702797202797203,0.26211453744493396
XRV-DenseNet-nih,Pneumonia,Race,White,3927,0.704613307288748,0.021051714410660644,0.6666666666666666,0.6404886561954625,0.35951134380453753,0.33333333333333337
XRV-DenseNet-nih,Pneumonia,Race,Black,872,0.711262052807065,0.05071476041183584,0.6851851851851852,0.6277372262773723,0.3722627737226277,0.31481481481481477
XRV-DenseNet-nih,Pneumonia,Race,Asian,227,0.6591725214676035,0.06270496685539693,0.7238095238095238,0.48360655737704916,0.5163934426229508,0.2761904761904762
XRV-DenseNet-nih,Pneumonia,Race,Other,541,0.707041231126597,0.06740426683096076,0.6585365853658537,0.6636904761904762,0.33630952380952384,0.3414634146341463
XRV-DenseNet-nih,Pneumothorax,Gender,Female,3465,0.6537775799226511,0.012616189546554302,0.7039370078740157,0.5272084805653711,0.47279151943462894,0.2960629921259843
XRV-DenseNet-nih,Pneumothorax,Gender,Male,4825,0.6151899651629432,0.01799748058994225,0.6408450704225352,0.5306708431219003,0.46932915687809973,0.35915492957746475
XRV-DenseNet-nih,Pneumothorax,Age,<50,1761,0.6520975056689342,0.045851298562814266,0.7210884353741497,0.5075757575757576,0.49242424242424243,0.2789115646258503
XRV-DenseNet-nih,Pneumothorax,Age,50-70,3471,0.6225529902666918,0.014676223649548351,0.6383307573415765,0.5506373937677054,0.4493626062322946,0.3616692426584235
XRV-DenseNet-nih,Pneumothorax,Age,70+,3058,0.6178856236005514,0.019928822475014665,0.6524953789279113,0.5164878823996821,0.48351211760031787,0.3475046210720887
XRV-DenseNet-nih,Pneumothorax,Race,White,5861,0.6332586230689631,0.012083950022944153,0.6663800515907137,0.534269902085994,0.465730097914006,0.3336199484092863
XRV-DenseNet-nih,Pneumothorax,Race,Black,895,0.6575685457880907,0.015821161240442642,0.6927710843373494,0.5459533607681756,0.4540466392318244,0.30722891566265065
XRV-DenseNet-nih,Pneumothorax,Race,Asian,289,0.6960742018981881,0.05393825092803502,0.8852459016393442,0.2631578947368421,0.736842105263158,0.11475409836065575
XRV-DenseNet-nih,Pneumothorax,Race,Other,653,0.6172151898734177,0.02777005239789187,0.59,0.5732368896925859,0.4267631103074141,0.41000000000000003
XRV-DenseNet-nih,Support Devices,Gender,Female,4742,0.6705271988830301,0.0049851111402288775,0.697103692239664,0.5616438356164384,0.4383561643835616,0.30289630776033605
XRV-DenseNet-nih,Support Devices,Gender,Male,6915,0.6871231792257271,0.005151740705021445,0.6615826034430685,0.6279863481228669,0.3720136518771331,0.3384173965569315
XRV-DenseNet-nih,Support Devices,Age,<50,2244,0.739000495154559,0.01287886371841543,0.6322274881516587,0.7238805970149254,0.27611940298507465,0.36777251184834125
XRV-DenseNet-nih,Support Devices,Age,50-70,5077,0.6767580062515207,0.004389913800939536,0.664401894173358,0.6136363636363636,0.38636363636363635,0.33559810582664196
XRV-DenseNet-nih,Support Devices,Age,70+,4336,0.6294529512637019,0.0067749485818946725,0.7115844901866922,0.47468354430379744,0.5253164556962026,0.28841550981330777
XRV-DenseNet-nih,Support Devices,Race,White,8281,0.676740414506614,0.006955014847357342,0.6754374921314364,0.591715976331361,0.40828402366863903,0.32456250786856355
XRV-DenseNet-nih,Support Devices,Race,Black,1188,0.650675665847237,0.005306265012195902,0.6583850931677019,0.5901639344262295,0.4098360655737705,0.3416149068322981
XRV-DenseNet-nih,Support Devices,Race,Asian,359,0.7060371517027864,0.009131370585555621,0.5970588235294118,0.7368421052631579,0.26315789473684215,0.40294117647058825
XRV-DenseNet-nih,Support Devices,Race,Other,878,0.709685534591195,0.014438551747902217,0.6690909090909091,0.6792452830188679,0.3207547169811321,0.33090909090909093
CLIP-ViT-B16,Atelectasis,Gender,Female,3185,0.6658719851576994,0.009071275495072986,0.6474025974025974,0.6190476190476191,0.38095238095238093,0.3525974025974026
CLIP-ViT-B16,Atelectasis,Gender,Male,4254,0.7205173165415355,0.007051231869016416,0.6236376846694115,0.736,0.264,0.3763623153305885
CLIP-ViT-B16,Atelectasis,Age,<50,1175,0.7916824276047577,0.0035525048953899477,0.5825242718446602,0.8571428571428571,0.1428571428571429,0.41747572815533984
CLIP-ViT-B16,Atelectasis,Age,50-70,3089,0.6591333495714302,0.015944535340946593,0.6020854355869492,0.646551724137931,0.35344827586206895,0.39791456441305084
CLIP-ViT-B16,Atelectasis,Age,70+,3175,0.6779818813334766,0.003216113095871451,0.6828875281985176,0.6388888888888888,0.36111111111111116,0.3171124718014824
CLIP-ViT-B16,Atelectasis,Race,White,5340,0.7038517951737726,0.00744364958449244,0.6371886464568449,0.6770186335403726,0.3229813664596274,0.3628113535431551
CLIP-ViT-B16,Atelectasis,Race,Black,826,0.680094543212414,0.01883830965173043,0.596958174904943,0.7297297297297297,0.2702702702702703,0.40304182509505704
CLIP-ViT-B16,Atelectasis,Race,Asian,197,0.5479166666666667,0.010678699917054453,0.6354166666666666,0.4,0.6,0.36458333333333337
CLIP-ViT-B16,Atelectasis,Race,Other,620,0.6804171280915466,0.011633498116139604,0.606312292358804,0.7222222222222222,0.2777777777777778,0.393687707641196
CLIP-ViT-B16,Cardiomegaly,Gender,Female,4246,0.7898552269007952,0.019052879565035985,0.7526467757459095,0.6758193091231178,0.32418069087688217,0.24735322425409045
CLIP-ViT-B16,Cardiomegaly,Gender,Male,5177,0.7759161871408358,0.01557941854555385,0.7246719160104987,0.6934893928310168,0.30651060716898315,0.27532808398950126
CLIP-ViT-B16,Cardiomegaly,Age,<50,1629,0.7987094631093339,0.07515329252984282,0.683105981112277,0.772189349112426,0.22781065088757402,0.31689401888772295
CLIP-ViT-B16,Cardiomegaly,Age,50-70,3968,0.7756246123825221,0.028296228099142964,0.7116956985424814,0.6943722943722944,0.3056277056277056,0.2883043014575186
CLIP-ViT-B16,Cardiomegaly,Age,70+,3826,0.7461553282129716,0.030820405043455137,0.7763366023410313,0.5819548872180451,0.4180451127819549,0.2236633976589687
CLIP-ViT-B16,Cardiomegaly,Race,White,6459,0.7734349933737881,0.018139055478950037,0.7436702238962126,0.6619047619047619,0.3380952380952381,0.2563297761037874
CLIP-ViT-B16,Cardiomegaly,Race,Black,1333,0.7929262176477906,0.030165237547079813,0.7343599615014437,0.7210884353741497,0.2789115646258503,0.26564003849855633
CLIP-ViT-B16,Cardiomegaly,Race,Asian,281,0.7729588813840503,0.060329617553173946,0.6391752577319587,0.735632183908046,0.26436781609195403,0.3608247422680413
CLIP-ViT-B16,Cardiomegaly,Race,Other,748,0.7977229372210857,0.026347258466203356,0.7107750472589792,0.726027397260274,0.273972602739726,0.2892249527410208
CLIP-ViT-B16,Consolidation,Gender,Female,1322,0.847202926738909,0.025225674989257516,0.6844262295081968,0.8508474576271187,0.14915254237288134,0.31557377049180324
CLIP-ViT-B16,Consolidation,Gender,Male,1566,0.8421704696934055,0.03944729744713581,0.7359836901121305,0.8102564102564103,0.18974358974358974,0.2640163098878695
CLIP-ViT-B16,Consolidation,Age,<50,589,0.8406263703293406,0.03522978938455594,0.6402640264026402,0.8671328671328671,0.13286713286713292,0.35973597359735976
CLIP-ViT-B16,Consolidation,Age,50-70,1206,0.8510401283472178,0.026371820839758548,0.7001414427157001,0.8416833667334669,0.1583166332665331,0.2998585572842999
CLIP-ViT-B16,Consolidation,Age,70+,1093,0.8387496808549441,0.03765351459708589,0.7596017069701281,0.7897435897435897,0.2102564102564103,0.24039829302987192
CLIP-ViT-B16,Consolidation,Race,White,1925,0.8337430190939097,0.03643333221797479,0.7214461791290058,0.7994350282485876,0.2005649717514124,0.27855382087099423
CLIP-ViT-B16,Consolidation,Race,Black,419,0.8393835616438355,0.050826389815682216,0.655,0.867579908675799,0.13242009132420096,0.345
CLIP-ViT-B16,Consolidation,Race,Asian,106,0.829248366013072,0.09988514058418241,0.7083333333333334,0.8235294117647058,0.17647058823529416,0.29166666666666663
CLIP-ViT-B16,Consolidation,Race,Other,236,0.8730124469386286,0.0598007638157905,0.7256637168141593,0.9024390243902439,0.09756097560975607,0.2743362831858407
CLIP-ViT-B16,Edema,Gender,Female,3807,0.8580046496713164,0.0203546450436587,0.7825877825877826,0.7887731481481481,0.21122685185185186,0.2174122174122174
CLIP-ViT-B16,Edema,Gender,Male,4454,0.8426617599260027,0.013315132353909475,0.7656116338751069,0.7712665406427222,0.22873345935727785,0.2343883661248931
CLIP-ViT-B16,Edema,Age,<50,1290,0.8660286843355275,0.03925972775626937,0.7381404174573055,0.8335517693315858,0.1664482306684142,0.2618595825426945
CLIP-ViT-B16,Edema,Age,50-70,3485,0.8566314975127229,0.017940085829277485,0.7699662542182227,0.7926186291739895,0.2073813708260105,0.23003374578177727
CLIP-ViT-B16,Edema,Age,70+,3486,0.8275767362489523,0.02876065663130912,0.7855113636363636,0.7321688500727802,0.2678311499272198,0.21448863636363635
CLIP-ViT-B16,Edema,Race,White,5718,0.8511103289338123,0.01597146601197125,0.7821782178217822,0.7750289911093932,0.22497100889060684,0.2178217821782178
CLIP-ViT-B16,Edema,Race,Black,1093,0.8472185940587429,0.03856553700704546,0.7387387387387387,0.8122676579925651,0.18773234200743494,0.26126126126126126
CLIP-ViT-B16,Edema,Race,Asian,228,0.8487718487718489,0.08315173701714001,0.7008547008547008,0.8378378378378378,0.16216216216216217,0.2991452991452992
CLIP-ViT-B16,Edema,Race,Other,685,0.81697415077856,0.05865121919270589,0.7366771159874608,0.73224043715847,0.26775956284153,0.2633228840125392
CLIP-ViT-B16,Enlarged Cardiomediastinum,Gender,Female,882,0.7756125442153394,0.05274927250099044,0.7052238805970149,0.7341040462427746,0.2658959537572254,0.2947761194029851
CLIP-ViT-B16,Enlarged Cardiomediastinum,Gender,Male,1124,0.7521933433360761,0.050456371459192566,0.701095461658842,0.7072164948453609,0.29278350515463913,0.29890453834115804
CLIP-ViT-B16,Enlarged Cardiomediastinum,Age,<50,483,0.7329371231696813,0.09582465962484359,0.5555555555555556,0.813953488372093,0.18604651162790697,0.4444444444444444
CLIP-ViT-B16,Enlarged Cardiomediastinum,Age,50-70,891,0.7831576227390181,0.042847940815152405,0.7015503875968992,0.752,0.248,0.29844961240310075
CLIP-ViT-B16,Enlarged Cardiomediastinum,Age,70+,632,0.7112600660987758,0.056005824690766634,0.7811059907834101,0.5303030303030303,0.4696969696969697,0.21889400921658986
CLIP-ViT-B16,Enlarged Cardiomediastinum,Race,White,1346,0.7523261191268962,0.044509585855156804,0.7071078431372549,0.6886792452830188,0.3113207547169812,0.29289215686274506
CLIP-ViT-B16,Enlarged Cardiomediastinum,Race,Black,223,0.7647249190938512,0.06707439869642864,0.6916666666666667,0.7572815533980582,0.24271844660194175,0.30833333333333335
CLIP-ViT-B16,Enlarged Cardiomediastinum,Race,Asian,71,0.7552380952380953,0.1329303834229645,0.72,0.7619047619047619,0.23809523809523814,0.28
CLIP-ViT-B16,Enlarged Cardiomediastinum,Race,Other,194,0.7543953687821613,0.07280039388531317,0.6509433962264151,0.7613636363636364,0.23863636363636365,0.34905660377358494
CLIP-ViT-B16,Lung Opacity,Gender,Female,3716,0.722085164504646,0.007270060514026893,0.689900426742532,0.6417910447761194,0.35820895522388063,0.31009957325746795
CLIP-ViT-B16,Lung Opacity,Gender,Male,4738,0.688330431614401,0.013013715931659344,0.699037816066234,0.5947955390334573,0.4052044609665427,0.30096218393376595
CLIP-ViT-B16,Lung Opacity,Age,<50,1454,0.6973178672432856,0.026724340082136578,0.6108189331329827,0.7154471544715447,0.2845528455284553,0.38918106686701726
CLIP-ViT-B16,Lung Opacity,Age,50-70,3409,0.7184563532187396,0.007503997107262961,0.6691472868217054,0.6684782608695652,0.3315217391304348,0.33085271317829457
CLIP-ViT-B16,Lung Opacity,Age,70+,3591,0.6713854149515717,0.010629008480523353,0.7520420070011669,0.4785276073619632,0.5214723926380368,0.24795799299883314
CLIP-ViT-B16,Lung Opacity,Race,White,5827,0.6963476506911188,0.010290397904435582,0.704245709123758,0.6061643835616438,0.3938356164383562,0.29575429087624205
CLIP-ViT-B16,Lung Opacity,Race,Black,1098,0.7098231827111985,0.023481135438388777,0.6660117878192534,0.65,0.35,0.3339882121807466
CLIP-ViT-B16,Lung Opacity,Race,Asian,293,0.7858513189448442,0.016047807685011236,0.6942446043165468,0.8,0.19999999999999996,0.3057553956834532
CLIP-ViT-B16,Lung Opacity,Race,Other,681,0.7153286864559548,0.02162722584112665,0.6671974522292994,0.6415094339622641,0.3584905660377359,0.3328025477707006
CLIP-ViT-B16,Pleural Effusion,Gender,Female,5712,0.8427268350870672,0.014266502586249334,0.8294374518366299,0.6987355689939527,0.3012644310060473,0.17056254816337013
CLIP-ViT-B16,Pleural Effusion,Gender,Male,6990,0.8260254961093284,0.023041084770468883,0.7858048162230672,0.7092198581560284,0.2907801418439716,0.2141951837769328
CLIP-ViT-B16,Pleural Effusion,Age,<50,2081,0.8449046401196209,0.03636958588835397,0.7149446494464945,0.8044132397191575,0.19558676028084254,0.2850553505535055
CLIP-ViT-B16,Pleural Effusion,Age,50-70,5288,0.8270764854096824,0.020272530538150937,0.7756240822320117,0.7323420074349443,0.26765799256505574,0.22437591776798826
CLIP-ViT-B16,Pleural Effusion,Age,70+,5333,0.8080482759039092,0.024887722419546697,0.8537941034316094,0.5774058577405857,0.4225941422594143,0.14620589656839056
CLIP-ViT-B16,Pleural Effusion,Race,White,9135,0.8287131167177721,0.016975515506278585,0.8146023872267866,0.6844262295081968,0.31557377049180324,0.18539761277321343
CLIP-ViT-B16,Pleural Effusion,Race,Black,1390,0.8148909887422954,0.04423546111203748,0.7313432835820896,0.7320819112627986,0.26791808873720135,0.26865671641791045
CLIP-ViT-B16,Pleural Effusion,Race,Asian,387,0.8287454172621637,0.047711116830119374,0.8007518796992481,0.71900826446281,0.28099173553719003,0.1992481203007519
CLIP-ViT-B16,Pleural Effusion,Race,Other,1046,0.8406383508630765,0.021129578394591227,0.7732283464566929,0.7615571776155717,0.23844282238442827,0.22677165354330708
CLIP-ViT-B16,Pneumonia,Gender,Female,2800,0.7138088966371441,0.027034833460172557,0.62677304964539,0.7063397129186603,0.29366028708133973,0.37322695035460995
CLIP-ViT-B16,Pneumonia,Gender,Male,3183,0.7202703756852026,0.02606039742112952,0.676737160120846,0.6530392684238838,0.3469607315761162,0.32326283987915405
CLIP-ViT-B16,Pneumonia,Age,<50,1330,0.7099542044377563,0.04323696327202226,0.5871743486973948,0.7509025270758123,0.2490974729241877,0.4128256513026052
CLIP-ViT-B16,Pneumonia,Age,50-70,2601,0.7184880874773988,0.029032761159419437,0.6162679425837321,0.7082262210796915,0.29177377892030854,0.3837320574162679
CLIP-ViT-B16,Pneumonia,Age,70+,2052,0.7113391839438095,0.031333809222933884,0.7334801762114538,0.5847902097902098,0.4152097902097902,0.2665198237885462
CLIP-ViT-B16,Pneumonia,Race,White,3927,0.7211737675520759,0.020348255601459055,0.6648318042813456,0.6701570680628273,0.32984293193717273,0.3351681957186544
CLIP-ViT-B16,Pneumonia,Race,Black,872,0.7261309362890872,0.04498652471166089,0.6728395061728395,0.6916058394160584,0.30839416058394165,0.3271604938271605
CLIP-ViT-B16,Pneumonia,Race,Asian,227,0.6281811085089775,0.12483345715198407,0.638095238095238,0.5573770491803278,0.4426229508196722,0.36190476190476195
CLIP-ViT-B16,Pneumonia,Race,Other,541,0.7054732868757259,0.03366628820606094,0.6097560975609756,0.6964285714285714,0.3035714285714286,0.3902439024390244
CLIP-ViT-B16,Pneumothorax,Gender,Female,3465,0.6951158843660444,0.02526519444944297,0.6535433070866141,0.6406360424028269,0.3593639575971731,0.3464566929133859
CLIP-ViT-B16,Pneumothorax,Gender,Male,4825,0.6575193788678299,0.03366837139294414,0.6197183098591549,0.6350822239624119,0.3649177760375881,0.3802816901408451
CLIP-ViT-B16,Pneumothorax,Age,<50,1761,0.7010101010101011,0.06057033478257704,0.6530612244897959,0.678030303030303,0.321969696969697,0.34693877551020413
CLIP-ViT-B16,Pneumothorax,Age,50-70,3471,0.6662488889667281,0.028546130691799208,0.5919629057187017,0.6678470254957507,0.3321529745042493,0.4080370942812983
CLIP-ViT-B16,Pneumothorax,Age,70+,3058,0.6663934781379411,0.04671098974707556,0.6654343807763401,0.5820421136273342,0.41795788637266584,0.3345656192236599
CLIP-ViT-B16,Pneumothorax,Race,White,5861,0.6717624118420711,0.026476875736979454,0.6354256233877902,0.6272882077479779,0.3727117922520221,0.3645743766122098
CLIP-ViT-B16,Pneumothorax,Race,Black,895,0.7130166757565239,0.024653645469488193,0.6506024096385542,0.6858710562414266,0.31412894375857336,0.3493975903614458
CLIP-ViT-B16,Pneumothorax,Race,Asian,289,0.7269916594765603,0.0765347361639486,0.8688524590163934,0.47368421052631576,0.5263157894736843,0.1311475409836066
CLIP-ViT-B16,Pneumothorax,Race,Other,653,0.6381012658227848,0.03740017530989732,0.5,0.701627486437613,0.29837251356238703,0.5
CLIP-ViT-B16,Support Devices,Gender,Female,4742,0.7415189942425169,0.003745455838969596,0.6393986292283882,0.7351598173515982,0.2648401826484018,0.3606013707716118
CLIP-ViT-B16,Support Devices,Gender,Male,6915,0.7491977821369042,0.005038157576772543,0.6519178495922682,0.7440273037542662,0.2559726962457338,0.3480821504077318
CLIP-ViT-B16,Support Devices,Age,<50,2244,0.8058534342505482,0.008374426676574809,0.6080568720379147,0.835820895522388,0.16417910447761197,0.3919431279620853
CLIP-ViT-B16,Support Devices,Age,50-70,5077,0.7222715106594044,0.008411789977350788,0.6407247271978588,0.7181818181818181,0.28181818181818186,0.3592752728021412
CLIP-ViT-B16,Support Devices,Age,70+,4336,0.7249759136162297,0.00679029041629818,0.6735280038295836,0.689873417721519,0.310126582278481,0.32647199617041645
CLIP-ViT-B16,Support Devices,Race,White,8281,0.7362353216370785,0.007623332743643173,0.6424524738763692,0.7514792899408284,0.24852071005917165,0.35754752612363083
CLIP-ViT-B16,Support Devices,Race,Black,1188,0.7049034866976014,0.008514888380126841,0.6131322094055013,0.6721311475409836,0.3278688524590164,0.3868677905944987
CLIP-ViT-B16,Support Devices,Race,Asian,359,0.7653250773993809,0.019756277286527384,0.6029411764705882,0.8421052631578947,0.1578947368421053,0.3970588235294118
CLIP-ViT-B16,Support Devices,Race,Other,878,0.7641852487135506,0.011804188840751793,0.6424242424242425,0.6981132075471698,0.30188679245283023,0.35757575757575755
ConvNeXtV2-Base,Atelectasis,Gender,Female,3185,0.6474551638837354,0.020405846008921334,0.5529220779220779,0.6857142857142857,0.3142857142857143,0.4470779220779221
ConvNeXtV2-Base,Atelectasis,Gender,Male,4254,0.6528825381448293,0.01802626103420207,0.5124727536933882,0.728,0.272,0.4875272463066118
ConvNeXtV2-Base,Atelectasis,Age,<50,1175,0.7583112680200059,0.01770932952866442,0.46601941747572817,0.8809523809523809,0.11904761904761907,0.5339805825242718
ConvNeXtV2-Base,Atelectasis,Age,50-70,3089,0.622690420682696,0.024888099461592067,0.5001681802892701,0.7068965517241379,0.2931034482758621,0.4998318197107299
ConvNeXtV2-Base,Atelectasis,Age,70+,3175,0.6168045260858668,0.013854673679012882,0.5813728649693845,0.6111111111111112,0.38888888888888884,0.41862713503061555
ConvNeXtV2-Base,Atelectasis,Race,White,5340,0.6523022382555447,0.01990322604859924,0.5396794748020853,0.7080745341614907,0.2919254658385093,0.46032052519791467
ConvNeXtV2-Base,Atelectasis,Race,Black,826,0.6114479498509917,0.02410224855225705,0.46514575411913817,0.7297297297297297,0.2702702702702703,0.5348542458808618
ConvNeXtV2-Base,Atelectasis,Race,Asian,197,0.634375,0.016883064487907547,0.5416666666666666,0.6,0.4,0.45833333333333337
ConvNeXtV2-Base,Atelectasis,Race,Other,620,0.6196013289036546,0.0120582401536057,0.47840531561461797,0.6111111111111112,0.38888888888888884,0.521594684385382
ConvNeXtV2-Base,Cardiomegaly,Gender,Female,4246,0.8177351380028888,0.023698311167711816,0.7712544112929098,0.7227635075287865,0.2772364924712135,0.22874558870709016
ConvNeXtV2-Base,Cardiomegaly,Gender,Male,5177,0.8163209664629523,0.015437098446328082,0.7391076115485564,0.7381126554498902,0.26188734455010976,0.2608923884514436
ConvNeXtV2-Base,Cardiomegaly,Age,<50,1629,0.8298785523137773,0.060242779926837256,0.6505771248688352,0.8298816568047337,0.1701183431952663,0.34942287513116477
ConvNeXtV2-Base,Cardiomegaly,Age,50-70,3968,0.8162446156758278,0.03315633362078865,0.7404905794525418,0.7445887445887446,0.2554112554112554,0.2595094205474582
ConvNeXtV2-Base,Cardiomegaly,Age,70+,3826,0.7771248748254692,0.021519289289448223,0.7962670041126226,0.6075187969924812,0.39248120300751876,0.20373299588737737
ConvNeXtV2-Base,Cardiomegaly,Race,White,6459,0.8178133002520949,0.017929373428010455,0.7622933668131409,0.7273809523809524,0.27261904761904765,0.23770663318685914
ConvNeXtV2-Base,Cardiomegaly,Race,Black,1333,0.818729416694493,0.023053266221137195,0.7478344562078922,0.7210884353741497,0.2789115646258503,0.25216554379210776
ConvNeXtV2-Base,Cardiomegaly,Race,Asian,281,0.7559544969783148,0.07810800852367106,0.6237113402061856,0.7471264367816092,0.25287356321839083,0.37628865979381443
ConvNeXtV2-Base,Cardiomegaly,Race,Other,748,0.8114819897972396,0.046132407435155745,0.7391304347826086,0.7579908675799086,0.24200913242009137,0.26086956521739135
ConvNeXtV2-Base,Consolidation,Gender,Female,1322,0.8831156802815598,0.022774901811286163,0.7827868852459017,0.8372881355932204,0.16271186440677965,0.21721311475409832
ConvNeXtV2-Base,Consolidation,Gender,Male,1566,0.8493077881457086,0.04883947666268917,0.781855249745158,0.7829059829059829,0.2170940170940171,0.21814475025484203
ConvNeXtV2-Base,Consolidation,Age,<50,589,0.862828590551363,0.05360775043979295,0.7194719471947195,0.8461538461538461,0.15384615384615385,0.2805280528052805
ConvNeXtV2-Base,Consolidation,Age,50-70,1206,0.8697593206214409,0.044006473517114716,0.7779349363507779,0.8356713426853707,0.1643286573146293,0.22206506364922207
ConvNeXtV2-Base,Consolidation,Age,70+,1093,0.8586351533719955,0.047206644493751004,0.813655761024182,0.7512820512820513,0.24871794871794872,0.18634423897581798
ConvNeXtV2-Base,Consolidation,Race,White,1925,0.8604120533496744,0.04112506910718758,0.7945768282662284,0.786723163841808,0.21327683615819204,0.20542317173377156
ConvNeXtV2-Base,Consolidation,Race,Black,419,0.856255707762557,0.05916947153700315,0.735,0.8584474885844748,0.14155251141552516,0.265
ConvNeXtV2-Base,Consolidation,Race,Asian,106,0.7883986928104575,0.12087047254809508,0.7361111111111112,0.7058823529411765,0.2941176470588235,0.26388888888888884
ConvNeXtV2-Base,Consolidation,Race,Other,236,0.8758184042017411,0.05529207277404875,0.7433628318584071,0.8536585365853658,0.14634146341463417,0.2566371681415929
ConvNeXtV2-Base,Edema,Gender,Female,3807,0.8762019444889817,0.026534052007985875,0.8196248196248196,0.7760416666666666,0.22395833333333337,0.1803751803751804
ConvNeXtV2-Base,Edema,Gender,Male,4454,0.8782171681481759,0.019530892263202062,0.8173652694610778,0.7882797731568998,0.2117202268431002,0.1826347305389222
ConvNeXtV2-Base,Edema,Age,<50,1290,0.8869662099820691,0.031805929360183754,0.7609108159392789,0.8440366972477065,0.15596330275229353,0.2390891840607211
ConvNeXtV2-Base,Edema,Age,50-70,3485,0.8822633989731952,0.020081292961433704,0.8172103487064117,0.8031634446397188,0.19683655536028122,0.18278965129358826
ConvNeXtV2-Base,Edema,Age,70+,3486,0.860390890344493,0.03151789467309535,0.8338068181818182,0.7234352256186317,0.2765647743813683,0.16619318181818177
ConvNeXtV2-Base,Edema,Race,White,5718,0.8771799196952752,0.025085597352781163,0.8243372724369211,0.7804406648627754,0.2195593351372246,0.17566272756307888
ConvNeXtV2-Base,Edema,Race,Black,1093,0.883271375464684,0.026154425664448366,0.8072072072072072,0.8085501858736059,0.19144981412639406,0.19279279279279282
ConvNeXtV2-Base,Edema,Race,Asian,228,0.8464618464618465,0.06183815772249196,0.7777777777777778,0.7927927927927928,0.2072072072072072,0.2222222222222222
ConvNeXtV2-Base,Edema,Race,Other,685,0.8499665964335268,0.06125201073573,0.780564263322884,0.7650273224043715,0.23497267759562845,0.21943573667711602
ConvNeXtV2-Base,Enlarged Cardiomediastinum,Gender,Female,882,0.7365898110603055,0.09969206242110021,0.625,0.7341040462427746,0.2658959537572254,0.375
ConvNeXtV2-Base,Enlarged Cardiomediastinum,Gender,Male,1124,0.7479437910394786,0.10491291646364428,0.6854460093896714,0.709278350515464,0.29072164948453605,0.3145539906103286
ConvNeXtV2-Base,Enlarged Cardiomediastinum,Age,<50,483,0.7215676141257538,0.13370295575185373,0.4666666666666667,0.8217054263565892,0.17829457364341084,0.5333333333333333
ConvNeXtV2-Base,Enlarged Cardiomediastinum,Age,50-70,891,0.7549095607235143,0.08296238529409326,0.6686046511627907,0.744,0.256,0.33139534883720934
ConvNeXtV2-Base,Enlarged Cardiomediastinum,Age,70+,632,0.6874738165060746,0.10815404211218574,0.7442396313364056,0.5404040404040404,0.45959595959595956,0.2557603686635944
ConvNeXtV2-Base,Enlarged Cardiomediastinum,Race,White,1346,0.7269284128745839,0.10264844788884574,0.6642156862745098,0.6886792452830188,0.3113207547169812,0.3357843137254902
ConvNeXtV2-Base,Enlarged Cardiomediastinum,Race,Black,223,0.7479773462783171,0.11628241009850415,0.65,0.7766990291262136,0.22330097087378642,0.35
ConvNeXtV2-Base,Enlarged Cardiomediastinum,Race,Asian,71,0.7466666666666667,0.16858442928936998,0.72,0.8571428571428571,0.1428571428571429,0.28
ConvNeXtV2-Base,Enlarged Cardiomediastinum,Race,Other,194,0.7288807890222985,0.1189521800690697,0.6226415094339622,0.7159090909090909,0.28409090909090906,0.37735849056603776
ConvNeXtV2-Base,Lung Opacity,Gender,Female,3716,0.7009759170010544,0.017674006396392127,0.6640113798008535,0.6268656716417911,0.3731343283582089,0.33598862019914655
ConvNeXtV2-Base,Lung Opacity,Gender,Male,4738,0.6851528206288509,0.021767941752417475,0.6737525173416872,0.6096654275092936,0.39033457249070636,0.3262474826583128
ConvNeXtV2-Base,Lung Opacity,Age,<50,1454,0.7130588285597356,0.03498676878665974,0.560480841472577,0.7723577235772358,0.22764227642276424,0.43951915852742296
ConvNeXtV2-Base,Lung Opacity,Age,50-70,3409,0.6913464779238288,0.019271343980414954,0.6558139534883721,0.6358695652173914,0.36413043478260865,0.3441860465116279
ConvNeXtV2-Base,Lung Opacity,Age,70+,3591,0.6553625502000845,0.019100284079769415,0.7246207701283547,0.4785276073619632,0.5214723926380368,0.2753792298716453
ConvNeXtV2-Base,Lung Opacity,Race,White,5827,0.6819201593842422,0.021260019850360364,0.6861788617886179,0.5787671232876712,0.4212328767123288,0.31382113821138213
ConvNeXtV2-Base,Lung Opacity,Race,Black,1098,0.6550589390962671,0.024771192439039837,0.6218074656188605,0.6,0.4,0.37819253438113953
ConvNeXtV2-Base,Lung Opacity,Race,Asian,293,0.8093525179856116,0.01181205170216721,0.6726618705035972,0.8,0.19999999999999996,0.32733812949640284
ConvNeXtV2-Base,Lung Opacity,Race,Other,681,0.7455534190602091,0.02488480765924079,0.6098726114649682,0.7924528301886793,0.2075471698113207,0.3901273885350318
ConvNeXtV2-Base,Pleural Effusion,Gender,Female,5712,0.8781184480341154,0.015677617768116592,0.8150526586180323,0.7850467289719626,0.2149532710280374,0.18494734138196767
ConvNeXtV2-Base,Pleural Effusion,Gender,Male,6990,0.8600111012233818,0.022847200974551767,0.7659484579636671,0.8000886524822695,0.19991134751773054,0.23405154203633294
ConvNeXtV2-Base,Pleural Effusion,Age,<50,2081,0.8778688463915733,0.023473965599439903,0.6928044280442804,0.8816449348044132,0.1183550651955868,0.30719557195571956
ConvNeXtV2-Base,Pleural Effusion,Age,50-70,5288,0.8593558721164637,0.023764188154326175,0.7459618208516887,0.8088157195963888,0.19118428040361124,0.2540381791483113
ConvNeXtV2-Base,Pleural Effusion,Age,70+,5333,0.8494557029349371,0.024066566999509462,0.8477525374577091,0.695397489539749,0.304602510460251,0.15224746254229093
ConvNeXtV2-Base,Pleural Effusion,Race,White,9135,0.8677604253179015,0.01668949911098706,0.7998759882188808,0.7812965722801788,0.2187034277198212,0.20012401178111916
ConvNeXtV2-Base,Pleural Effusion,Race,Black,1390,0.8452299084780873,0.036791410779568615,0.7089552238805971,0.8122866894197952,0.1877133105802048,0.29104477611940294
ConvNeXtV2-Base,Pleural Effusion,Race,Asian,387,0.8371030882992606,0.06898327144461314,0.7819548872180451,0.71900826446281,0.28099173553719003,0.21804511278195493
ConvNeXtV2-Base,Pleural Effusion,Race,Other,1046,0.8686361285131329,0.03265084643175885,0.7496062992125985,0.8345498783454988,0.16545012165450124,0.25039370078740153
ConvNeXtV2-Base,Pneumonia,Gender,Female,2800,0.7348336387390139,0.02741450850028851,0.5921985815602837,0.7649521531100478,0.23504784688995217,0.4078014184397163
ConvNeXtV2-Base,Pneumonia,Gender,Male,3183,0.741480980093576,0.0359074779243051,0.6374622356495468,0.7369553523399677,0.2630446476600323,0.36253776435045315
ConvNeXtV2-Base,Pneumonia,Age,<50,1330,0.7349958641711822,0.041372695405327654,0.5230460921843687,0.8182912154031288,0.18170878459687123,0.4769539078156313
ConvNeXtV2-Base,Pneumonia,Age,50-70,2601,0.7410013406969164,0.035711223510655705,0.6019138755980862,0.7712082262210797,0.22879177377892035,0.3980861244019138
ConvNeXtV2-Base,Pneumonia,Age,70+,2052,0.7315432364991835,0.04141243766456556,0.6850220264317181,0.6722027972027972,0.3277972027972028,0.31497797356828194
ConvNeXtV2-Base,Pneumonia,Race,White,3927,0.7438576407234845,0.03637148143308476,0.6440366972477064,0.7382198952879581,0.26178010471204194,0.3559633027522936
ConvNeXtV2-Base,Pneumonia,Race,Black,872,0.7422614220059476,0.02718391606969278,0.5802469135802469,0.7737226277372263,0.22627737226277367,0.41975308641975306
ConvNeXtV2-Base,Pneumonia,Race,Asian,227,0.6480093676814989,0.09340128938804355,0.5904761904761905,0.639344262295082,0.360655737704918,0.4095238095238095
ConvNeXtV2-Base,Pneumonia,Race,Other,541,0.7240853658536585,0.045941054282694634,0.5463414634146342,0.7708333333333334,0.22916666666666663,0.4536585365853658
ConvNeXtV2-Base,Pneumothorax,Gender,Female,3465,0.7124988175064689,0.031403683292228,0.6299212598425197,0.6886925795053004,0.3113074204946996,0.3700787401574803
ConvNeXtV2-Base,Pneumothorax,Gender,Male,4825,0.6824575749984113,0.04037051389935712,0.6197183098591549,0.6465674758548682,0.3534325241451318,0.3802816901408451
ConvNeXtV2-Base,Pneumothorax,Age,<50,1761,0.7126365697794269,0.057321201678546145,0.6666666666666666,0.6681818181818182,0.3318181818181818,0.33333333333333337
ConvNeXtV2-Base,Pneumothorax,Age,50-70,3471,0.6785758852143912,0.04384087453132437,0.5641421947449768,0.6908640226628895,0.3091359773371105,0.43585780525502316
ConvNeXtV2-Base,Pneumothorax,Age,70+,3058,0.7031813979174516,0.04318810878256637,0.6598890942698706,0.6328963051251489,0.36710369487485106,0.34011090573012936
ConvNeXtV2-Base,Pneumothorax,Race,White,5861,0.6876585671369277,0.041045549215725285,0.6122098022355976,0.6583652618135377,0.3416347381864623,0.3877901977644024
ConvNeXtV2-Base,Pneumothorax,Race,Black,895,0.7519130018014443,0.0181134334313493,0.6987951807228916,0.7037037037037037,0.2962962962962963,0.3012048192771084
ConvNeXtV2-Base,Pneumothorax,Race,Asian,289,0.7231090020132298,0.0819670626911939,0.819672131147541,0.4649122807017544,0.5350877192982456,0.180327868852459
ConvNeXtV2-Base,Pneumothorax,Race,Other,653,0.7307594936708861,0.02216486818296619,0.63,0.7179023508137432,0.2820976491862568,0.37
ConvNeXtV2-Base,Support Devices,Gender,Female,4742,0.7336606305468649,0.021147087467038438,0.713906699093522,0.6301369863013698,0.36986301369863017,0.286093300906478
ConvNeXtV2-Base,Support Devices,Gender,Male,6915,0.758838827653813,0.007946806260797896,0.713832678948958,0.7167235494880546,0.2832764505119454,0.28616732105104203
ConvNeXtV2-Base,Support Devices,Age,<50,2244,0.7884310674117564,0.01801782484020161,0.7014218009478673,0.7910447761194029,0.20895522388059706,0.2985781990521327
ConvNeXtV2-Base,Support Devices,Age,50-70,5077,0.7499260673442267,0.013444250096765954,0.7160798847024913,0.6727272727272727,0.32727272727272727,0.2839201152975087
ConvNeXtV2-Base,Support Devices,Age,70+,4336,0.7059613042398094,0.01432724161770033,0.7175682144566778,0.5949367088607594,0.40506329113924056,0.28243178554332216
ConvNeXtV2-Base,Support Devices,Race,White,8281,0.7319071461083295,0.01549756734501118,0.7085484074027446,0.6568047337278107,0.3431952662721893,0.2914515925972554
ConvNeXtV2-Base,Support Devices,Race,Black,1188,0.731391915283576,0.019850657478069106,0.686779059449867,0.7213114754098361,0.2786885245901639,0.31322094055013305
ConvNeXtV2-Base,Support Devices,Race,Asian,359,0.8419504643962847,0.016328361905759065,0.6617647058823529,0.8421052631578947,0.1578947368421053,0.3382352941176471
ConvNeXtV2-Base,Support Devices,Race,Other,878,0.7678216123499142,0.02113494778591922,0.7284848484848485,0.7169811320754716,0.28301886792452835,0.2715151515151515
