model,dimension,disease,subgroup,n,n_pos,prevalence,auroc,auroc_ci_lo,auroc_ci_hi,auprc,auprc_ci_lo,auprc_ci_hi,ece,brier,tpr,fpr,sufficient_data
ResNet50-ImageNet,Gender,Cardiomegaly,Female,4246,3117,0.73410267,0.8130407465787349,0.7976414343316797,0.8282504343459297,0.9122054798746123,0.9012687654745742,0.9222845562332456,0.14838697625130234,0.16653883,0.7882579403272377,0.325066430469442,True
ResNet50-ImageNet,Gender,Cardiomegaly,Male,5177,3810,0.73594743,0.7963726918919334,0.782713281948782,0.8090194169482439,0.9044002515631356,0.8941218050368308,0.9138830600235381,0.17314483645870943,0.18119478,0.7506561679790026,0.302121433796635,True
ResNet50-ImageNet,Gender,Consolidation,Female,1322,732,0.5537065,0.8677804019635084,0.8482800236761423,0.8863010526425352,0.8944207108087767,0.87370453226342,0.91285310436688,0.04052907037414869,0.14774401,0.8128415300546448,0.22033898305084745,True
ResNet50-ImageNet,Gender,Consolidation,Male,1566,981,0.62643677,0.8598952751857951,0.8405239860924453,0.8775904029001534,0.9141700868799755,0.8993579964804086,0.928483501539362,0.06831847862037206,0.15190277,0.8073394495412844,0.26324786324786326,True
ResNet50-ImageNet,Gender,Edema,Female,3807,2079,0.5460993,0.8872440787950046,0.8765614396425127,0.897597241199701,0.8940219532741248,0.8803602655752225,0.9072943917656864,0.022334650546382787,0.13431588,0.8316498316498316,0.22106481481481483,True
ResNet50-ImageNet,Gender,Edema,Male,4454,2338,0.5249214,0.8755120059637678,0.8660322214868822,0.8855454179568039,0.8745305227040043,0.8609499980644761,0.8884357370842887,0.012728454300077388,0.14264113,0.7959794696321643,0.20226843100189035,True
ResNet50-ImageNet,Gender,Enlarged Cardiomediastinum,Female,882,536,0.60770977,0.7959462082650333,0.7648823767361775,0.8238777254813705,0.8481780203615382,0.817454392336112,0.8775993907063342,0.08802780345116072,0.18577558,0.7593283582089553,0.3179190751445087,True
ResNet50-ImageNet,Gender,Enlarged Cardiomediastinum,Male,1124,639,0.56850535,0.7764967813755383,0.7496219584272052,0.8030309294549028,0.815925068197007,0.7845698092184035,0.8487146174245072,0.054611606715624865,0.19267422,0.7621283255086072,0.3443298969072165,True
ResNet50-ImageNet,Gender,Pleural Effusion,Female,5712,3893,0.68154764,0.8723122950695821,0.8629103317681347,0.8819574144753975,0.9300456303791502,0.9226678855023596,0.9374263376473158,0.08824096448166448,0.13782933,0.8016953506293347,0.22759758108851016,True
ResNet50-ImageNet,Gender,Pleural Effusion,Male,6990,4734,0.67725325,0.8465730122667768,0.8367719459996465,0.8565410283688603,0.9133387835878901,0.9058165411876645,0.9211273438254569,0.11231301760724685,0.1578421,0.7414448669201521,0.21808510638297873,True
ResNet50-ImageNet,Gender,Pneumonia,Female,2800,1128,0.40285715,0.7442587973802979,0.725629351921726,0.7623772841390778,0.662513393655474,0.6325960027954037,0.6920931926959846,0.07404863611395869,0.20347543,0.6524822695035462,0.2811004784688995,True
ResNet50-ImageNet,Gender,Pneumonia,Male,3183,1324,0.41595978,0.7581968345389215,0.7415592010800873,0.7754353040855188,0.6980251613903087,0.674060344648493,0.7223123748231468,0.08151128371294437,0.20069295,0.6790030211480362,0.2937062937062937,True
ResNet50-ImageNet,Gender,Pneumothorax,Female,3465,635,0.18326119,0.7282385019893715,0.7074288437256979,0.7504960847717256,0.42575437782600456,0.38792413244940804,0.46901160787896384,0.26252573945950636,0.20510387,0.6283464566929133,0.30812720848056535,True
ResNet50-ImageNet,Gender,Pneumothorax,Male,4825,994,0.20601036,0.6702414959608867,0.6507453098149086,0.690918775021532,0.3641775429762293,0.33604872782193834,0.3954383947089832,0.2582168319682383,0.22433706,0.6006036217303823,0.34534064212999216,True
ResNet50-ImageNet,Age,Cardiomegaly,<50,1629,953,0.5850215,0.8224634756638953,0.802035554630607,0.8429238163678304,0.8494912525752266,0.8264619676905463,0.8718275095409501,0.12996391445498953,0.18591915,0.657922350472193,0.1760355029585799,True
ResNet50-ImageNet,Age,Cardiomegaly,50-70,3968,2813,0.7089214,0.7998294867829173,0.7843704998135349,0.8144743566081222,0.900166403521198,0.8896345212383694,0.9110640881267167,0.14926887377758602,0.17968725,0.7525773195876289,0.31255411255411253,True
ResNet50-ImageNet,Age,Cardiomegaly,70+,3826,3161,0.8261892,0.758873298399431,0.7381021067147688,0.7787428186899341,0.9265579828605723,0.9148937711523241,0.9365275164000672,0.18881647427450968,0.16448197,0.8139829167984814,0.45112781954887216,True
ResNet50-ImageNet,Age,Consolidation,<50,589,303,0.51443124,0.8596551962888597,0.8299951100749995,0.8875182732716158,0.8682348944081371,0.8318846598579294,0.8995094690813882,0.07281636714884705,0.15740855,0.7293729372937293,0.18181818181818182,True
ResNet50-ImageNet,Age,Consolidation,50-70,1206,707,0.58623546,0.8666271723078406,0.8484158739783861,0.886761725152554,0.9072151004864338,0.8909291486270812,0.9238887707263053,0.05111778634994184,0.14940915,0.801980198019802,0.23446893787575152,True
ResNet50-ImageNet,Age,Consolidation,70+,1093,703,0.6431839,0.8615019878177774,0.8389770971761769,0.8834158391141754,0.9190831452810673,0.9014964148434531,0.934614899331283,0.05810867810292955,0.14665715,0.8520625889046942,0.2948717948717949,True
ResNet50-ImageNet,Age,Edema,<50,1290,527,0.40852714,0.8887418832581864,0.87130309184898,0.9055672253004008,0.8368470244953431,0.8036413825669044,0.8676874941510985,0.018317710668888203,0.13235924,0.7628083491461101,0.1598951507208388,True
ResNet50-ImageNet,Age,Edema,50-70,3485,1778,0.5101865,0.8902293408403036,0.8795147346881437,0.9006853050292064,0.8816491609837694,0.865576408467785,0.8978346800793463,0.01786690332861337,0.13343108,0.8003374578177728,0.18687756297598127,True
ResNet50-ImageNet,Age,Edema,70+,3486,2112,0.605852,0.8610294401437961,0.8483940923242642,0.872996312702974,0.8962557675363555,0.8828038026955319,0.9097228524108852,0.020852390832758746,0.14656149,0.8357007575757576,0.2685589519650655,True
ResNet50-ImageNet,Age,Enlarged Cardiomediastinum,<50,483,225,0.46583852,0.7523169681309216,0.7069094672295683,0.7946279556770227,0.6994579431742511,0.6334391710086555,0.7685521290901441,0.09205025193854148,0.20857325,0.5955555555555555,0.21705426356589147,True
ResNet50-ImageNet,Age,Enlarged Cardiomediastinum,50-70,891,516,0.57912457,0.8171266149870802,0.7893596326063681,0.8437899976635121,0.8724938529739471,0.8485138929022333,0.8960083597751003,0.05767899806852694,0.17598674,0.7751937984496124,0.30133333333333334,True
ResNet50-ImageNet,Age,Enlarged Cardiomediastinum,70+,632,434,0.68670887,0.71835870222967,0.677401701718676,0.7588638852889762,0.8438472638529122,0.8086162214478982,0.8760848923546654,0.08033229796145158,0.19442222,0.8294930875576036,0.5454545454545454,True
ResNet50-ImageNet,Age,Pleural Effusion,<50,2081,1084,0.5209034,0.8648065969125088,0.8487053268248708,0.8793320843259145,0.8667811925068771,0.8475342103128839,0.8847566679649891,0.07871019511928011,0.15688537,0.6669741697416974,0.14343029087261785,True
ResNet50-ImageNet,Age,Pleural Effusion,50-70,5288,3405,0.64391077,0.8534069809244629,0.8422850459401624,0.8635969438006177,0.9066838840026713,0.8971781921153837,0.9155577159614925,0.10231032588557198,0.15715426,0.7306901615271659,0.19596388741370155,True
ResNet50-ImageNet,Age,Pleural Effusion,70+,5333,4138,0.7759235,0.8380094885447864,0.824912248185965,0.8503377011744426,0.9417130932181783,0.9349082604200523,0.9481411878953411,0.10999473316649794,0.13746245,0.8264862252295795,0.3297071129707113,True
ResNet50-ImageNet,Age,Pneumonia,<50,1330,499,0.37518796,0.738704846516137,0.7102999669782667,0.7641351102941175,0.649023117582285,0.6073671241424846,0.6913312799208047,0.04585999403905152,0.19544642,0.5290581162324649,0.18531889290012032,True
ResNet50-ImageNet,Age,Pneumonia,50-70,2601,1045,0.40176857,0.7651320401963075,0.746723942213321,0.7842603419510547,0.7023904814642248,0.6722612130072315,0.7338594756041029,0.0714688073014443,0.19428812,0.6440191387559808,0.24293059125964012,True
ResNet50-ImageNet,Age,Pneumonia,70+,2052,908,0.44249514,0.740764879393734,0.7194432892546081,0.759850726773861,0.6814749807736319,0.6507129164188821,0.7152150645600178,0.10743700745960308,0.21600863,0.7687224669603524,0.4230769230769231,True
ResNet50-ImageNet,Age,Pneumothorax,<50,1761,441,0.2504259,0.7054988662131518,0.6792878458306535,0.7338730737199344,0.45663775645022836,0.4097175266250597,0.5044166232439768,0.19496987410596256,0.20768693,0.5827664399092971,0.30454545454545456,True
ResNet50-ImageNet,Age,Pneumothorax,50-70,3471,647,0.18640162,0.6896758190997018,0.6681000320837176,0.7114740590105703,0.389760549668141,0.35305989635505586,0.4287831848429516,0.2563870370310756,0.20945428,0.5765069551777434,0.29957507082152973,True
ResNet50-ImageNet,Age,Pneumothorax,70+,3058,541,0.17691301,0.7035779619107628,0.6804986595329721,0.7296030566555535,0.36296373457962183,0.32604874358846225,0.4106945756776591,0.30102036776663127,0.22902507,0.6765249537892791,0.3762415574096146,True
ResNet50-ImageNet,BMI,Cardiomegaly,<25,2613,1734,0.66360503,0.7964152669031207,0.7785524454148004,0.814698150194428,0.870424361657709,0.8528959532199902,0.8864782257490388,0.1473321758162186,0.19023375,0.7531718569780853,0.310580204778157,True
ResNet50-ImageNet,BMI,Cardiomegaly,25-30,2148,1545,0.71927375,0.8055107418677916,0.7856719139366993,0.8270621990457467,0.908937001223308,0.8965830673495188,0.9218247309532225,0.1737362804789672,0.18283226,0.7980582524271844,0.33665008291873966,True
ResNet50-ImageNet,BMI,Cardiomegaly,30+,2735,2198,0.8036563,0.8018115334238168,0.7779956121294905,0.8211799171835681,0.9351775369696871,0.9241269911191066,0.944622924552958,0.17429073811449122,0.1565219,0.8616924476797089,0.4338919925512104,True
ResNet50-ImageNet,BMI,Consolidation,<25,945,606,0.64126986,0.8491291607036808,0.8230737494777105,0.8734618490090487,0.9133239189956002,0.8925084642090101,0.9299381767081414,0.06521460344551733,0.15543918,0.8135313531353136,0.2831858407079646,True
ResNet50-ImageNet,BMI,Consolidation,25-30,635,334,0.5259842,0.8452662780750791,0.814140974610656,0.8740743392594099,0.8630962232331201,0.8283017123281519,0.8936938992210189,0.053825604751354124,0.16258906,0.7634730538922155,0.2059800664451827,True
ResNet50-ImageNet,BMI,Consolidation,30+,653,312,0.4777948,0.8371118129182646,0.8034710385175051,0.8690720507741785,0.8422013740668888,0.80526266393733,0.8774884781250951,0.04578741739117533,0.16123939,0.7596153846153846,0.21114369501466276,True
ResNet50-ImageNet,BMI,Edema,<25,2176,1107,0.5087316,0.8896578706978213,0.8749705066714693,0.9027556656683563,0.8795637045422513,0.8569588065412608,0.90048033003688,0.025750381728250754,0.13404088,0.8265582655826558,0.19457436856875585,True
ResNet50-ImageNet,BMI,Edema,25-30,1945,946,0.48637533,0.8747817585026888,0.8604393338421723,0.8892664329870097,0.8628838361620126,0.840188281871436,0.882789266156855,0.01605263681828516,0.14360078,0.7505285412262156,0.17617617617617617,True
ResNet50-ImageNet,BMI,Edema,30+,2380,1210,0.50840336,0.8770558734195099,0.8633669279657542,0.891036611957334,0.869432858195837,0.8494084770828191,0.8905731344551625,0.024430680412705203,0.1429096,0.8165289256198347,0.2299145299145299,True
ResNet50-ImageNet,BMI,Enlarged Cardiomediastinum,<25,605,323,0.5338843,0.7788024504314605,0.7413703077312673,0.8148809111910825,0.7762497101727521,0.7281023548139011,0.8296747701736108,0.06925477887973312,0.19682682,0.6842105263157895,0.2730496453900709,True
ResNet50-ImageNet,BMI,Enlarged Cardiomediastinum,25-30,453,262,0.57836646,0.7667958914511809,0.7238626680746636,0.8060175412736797,0.8211276490324085,0.7750825401556967,0.8619007949674031,0.09900828396642444,0.20298499,0.6946564885496184,0.28272251308900526,True
ResNet50-ImageNet,BMI,Enlarged Cardiomediastinum,30+,492,306,0.6219512,0.7838920514442337,0.7407818739142554,0.8235588273404794,0.8573565070243013,0.8192948078420207,0.8927825066768695,0.053720645909386924,0.18482955,0.8202614379084967,0.42473118279569894,True
ResNet50-ImageNet,BMI,Pleural Effusion,<25,4075,2891,0.70944786,0.877704397150523,0.8652372126673911,0.8888251032992152,0.9411443012679198,0.9331628989308329,0.9485504925186644,0.11332325806098482,0.13740286,0.7910757523348322,0.20101351351351351,True
ResNet50-ImageNet,BMI,Pleural Effusion,25-30,2741,1715,0.6256841,0.8458970555640803,0.8304375662653055,0.8598509436368635,0.8941421535202286,0.8802043573623657,0.90733209566929,0.09933756217387679,0.16251306,0.7142857142857143,0.20175438596491227,True
ResNet50-ImageNet,BMI,Pleural Effusion,30+,3281,2108,0.64248705,0.8473965941462799,0.8339968279545407,0.8609067022361435,0.9009544785862745,0.8888135399405896,0.9129992838030228,0.08987012908148788,0.15742181,0.7438330170777988,0.21483375959079284,True
ResNet50-ImageNet,BMI,Pneumonia,<25,1902,872,0.45846477,0.7555368753896856,0.7345817408956657,0.7788257536604827,0.7217639272772803,0.6893448969093943,0.7551827131601127,0.055393947603731376,0.20217192,0.6903669724770642,0.31844660194174756,True
ResNet50-ImageNet,BMI,Pneumonia,25-30,1512,551,0.364418,0.7349743442534715,0.7061885887713506,0.7603380557639453,0.6135719130949177,0.5684393246271301,0.6603333045109254,0.09276017270706317,0.20268,0.5989110707803993,0.2372528616024974,True
ResNet50-ImageNet,BMI,Pneumonia,30+,1553,505,0.32517707,0.7220712720126974,0.6930710177812571,0.7492016206625248,0.5795733888357293,0.5343390101539071,0.6272199994816539,0.1182079492214796,0.20242283,0.601980198019802,0.2595419847328244,True
ResNet50-ImageNet,BMI,Pneumothorax,<25,2721,750,0.27563396,0.7114121427363436,0.6895637138862559,0.7334477254968631,0.5157205661120858,0.47969117308545595,0.5530004239754102,0.25868970058784463,0.24418333,0.7573333333333333,0.4840182648401826,True
ResNet50-ImageNet,BMI,Pneumothorax,25-30,1841,334,0.18142314,0.666883883195785,0.6333426624457299,0.6983281576333052,0.3123729579589887,0.26686608716934485,0.3599231919049562,0.26699636169567115,0.21755168,0.5778443113772455,0.31851360318513605,True
ResNet50-ImageNet,BMI,Pneumothorax,30+,2073,281,0.13555235,0.6272917196237926,0.5950962089522717,0.6623600391695379,0.21279351931674625,0.17990410045200045,0.25928536602003055,0.23878193148526375,0.17935218,0.3096085409252669,0.1796875,True
DINOv2-base,Gender,Cardiomegaly,Female,4246,3117,0.73410267,0.8198996161795099,0.8046973168232278,0.8338056420431402,0.9168320663555326,0.9068300057322431,0.9267624799674683,0.14303265332305312,0.16410069,0.7285851780558229,0.25597874224977857,True
DINOv2-base,Gender,Cardiomegaly,Male,5177,3810,0.73594743,0.8136602941091763,0.8009550072463022,0.8250899571913373,0.9146903917819033,0.9053051105378758,0.923819502624341,0.17090389799554764,0.1761145,0.684514435695538,0.21799561082662766,True
DINOv2-base,Gender,Consolidation,Female,1322,732,0.5537065,0.8939636010002778,0.8766384883616397,0.9102661259370806,0.9175188069044042,0.9006012534037185,0.9325602508813814,0.0443026328603096,0.13119327,0.7950819672131147,0.15084745762711865,True
DINOv2-base,Gender,Consolidation,Male,1566,981,0.62643677,0.876220845639806,0.8596864685676705,0.8934698356672933,0.9231737032868623,0.9088037251245987,0.9359765078139075,0.04781187866192363,0.14009753,0.8022426095820592,0.19658119658119658,True
DINOv2-base,Gender,Edema,Female,3807,2079,0.5460993,0.8971098774339514,0.8866592081666204,0.9064751201164908,0.9030207414772932,0.8885932869751691,0.9152333223821916,0.017661652189909647,0.12708744,0.8253968253968254,0.171875,True
DINOv2-base,Gender,Edema,Male,4454,2338,0.5249214,0.8948827298144731,0.8859971563129021,0.9038603306952281,0.8941973157925923,0.8824190571440711,0.9071327372897383,0.016744602175507245,0.12944262,0.8118049615055604,0.18100189035916825,True
DINOv2-base,Gender,Enlarged Cardiomediastinum,Female,882,536,0.60770977,0.8071132775429213,0.7794501120231655,0.8351780251149312,0.8588092711832676,0.8291700569658121,0.8863013667085421,0.07928455411509322,0.1798542,0.7276119402985075,0.25722543352601157,True
DINOv2-base,Gender,Enlarged Cardiomediastinum,Male,1124,639,0.56850535,0.7922462610715841,0.7681439363314629,0.8173132294085166,0.8353825468507682,0.8072403718917395,0.8635130953601037,0.047743488858815186,0.18590654,0.7261345852895149,0.28865979381443296,True
DINOv2-base,Gender,Pleural Effusion,Female,5712,3893,0.68154764,0.902364896495267,0.8937741097947844,0.9107643106687406,0.9437834587110885,0.9358140064074687,0.9513704659167032,0.07354945964792987,0.11888022,0.8540970973542256,0.20615722924683894,True
DINOv2-base,Gender,Pleural Effusion,Male,6990,4734,0.67725325,0.8811130231133164,0.8727770658996876,0.8890181373532802,0.934507258101712,0.9279025542912702,0.9408670529509041,0.09679026858286881,0.13916811,0.8073510773130546,0.20656028368794327,True
DINOv2-base,Gender,Pneumonia,Female,2800,1128,0.40285715,0.75176615680885,0.7327218072190459,0.7695122889345848,0.6831068990665766,0.6571629044978298,0.7115016349044833,0.06408481629831451,0.19896393,0.6427304964539007,0.2583732057416268,True
DINOv2-base,Gender,Pneumonia,Male,3183,1324,0.41595978,0.7603444661311266,0.74358394806303,0.7770947347261865,0.7106527572881844,0.6855129365236758,0.7350929818764218,0.08622776826260188,0.20035776,0.6835347432024169,0.2980096826250672,True
DINOv2-base,Gender,Pneumothorax,Female,3465,635,0.18326119,0.7279797445813972,0.7055552014336286,0.7505080352403862,0.42743338496973715,0.3905708412603298,0.4662064781201672,0.23552581782077817,0.1957075,0.6913385826771653,0.3438162544169611,True
DINOv2-base,Gender,Pneumothorax,Male,4825,994,0.20601036,0.6939333731441113,0.6758516807323994,0.7130093346044994,0.3857586276564026,0.35864196159538364,0.4186317561004158,0.22672931965459814,0.20993629,0.6539235412474849,0.3735317149569303,True
DINOv2-base,Age,Cardiomegaly,<50,1629,953,0.5850215,0.83256548923673,0.8136740225474808,0.8517370179590624,0.8656077700262128,0.8444984877174975,0.8859817666260282,0.12672514015176384,0.18118052,0.5907660020986358,0.14053254437869822,True
DINOv2-base,Age,Cardiomegaly,50-70,3968,2813,0.7089214,0.8110555045144452,0.7970880545029482,0.8252895476796727,0.9074393728885156,0.8972652411076042,0.9171293397280668,0.14569528331799855,0.17573652,0.6889441876999645,0.22770562770562772,True
DINOv2-base,Age,Cardiomegaly,70+,3826,3161,0.8261892,0.7761372745371813,0.7552392622232037,0.7952223746184505,0.9320346014737876,0.9216272157208603,0.9424006932941409,0.1849273360868399,0.16101691,0.7522935779816514,0.3443609022556391,True
DINOv2-base,Age,Consolidation,<50,589,303,0.51443124,0.8791802257148791,0.8522833073361231,0.9076641359685454,0.8902214806485823,0.8589035355887147,0.919266904611289,0.056798707143560126,0.14117926,0.7458745874587459,0.11188811188811189,True
DINOv2-base,Age,Consolidation,50-70,1206,707,0.58623546,0.8855362776472322,0.8666702669966493,0.9047274870034903,0.9207276425517736,0.9042382263521375,0.9373729859294827,0.0475460791753398,0.13692059,0.785007072135785,0.16432865731462926,True
DINOv2-base,Age,Consolidation,70+,1093,703,0.6431839,0.884283473757158,0.8635230051939404,0.9031489772081046,0.931993341131591,0.9156558485320756,0.9462297797165529,0.03632555029475133,0.13225016,0.8364153627311522,0.23076923076923078,True
DINOv2-base,Age,Edema,<50,1290,527,0.40852714,0.9086224605260869,0.8931452877923737,0.9249046285185484,0.874523447262007,0.8463790004272141,0.8982376893994337,0.026815486924592836,0.1179909,0.7874762808349146,0.12844036697247707,True
DINOv2-base,Age,Edema,50-70,3485,1778,0.5101865,0.9024462891171997,0.8924516803349385,0.9122684705817032,0.8936037009773029,0.8777443341594259,0.9083305699386347,0.015209292628972056,0.123972155,0.8104611923509561,0.15582893966022263,True
DINOv2-base,Age,Edema,70+,3486,2112,0.605852,0.8772237246923382,0.8658418455898748,0.8885442751863434,0.9074775848118208,0.8950808274710673,0.9198628002589617,0.019040061830961356,0.13657717,0.8323863636363636,0.22998544395924309,True
DINOv2-base,Age,Enlarged Cardiomediastinum,<50,483,225,0.46583852,0.7607579672695951,0.7178050222974396,0.8039967074211043,0.734189821590036,0.6707440951551943,0.79943660414699,0.06312857176452935,0.19928037,0.5955555555555555,0.1744186046511628,True
DINOv2-base,Age,Enlarged Cardiomediastinum,50-70,891,516,0.57912457,0.8291369509043928,0.8033616629196175,0.8540729286460563,0.8787471671626941,0.8564611078929918,0.9013422510584426,0.0711230389631691,0.17155725,0.7267441860465116,0.22933333333333333,True
DINOv2-base,Age,Enlarged Cardiomediastinum,70+,632,434,0.68670887,0.7388865614672067,0.6981536997109702,0.77795878058189,0.8587817016022301,0.8252055282533801,0.8888891123384393,0.07403454947273566,0.18746902,0.7949308755760369,0.494949494949495,True
DINOv2-base,Age,Pleural Effusion,<50,2081,1084,0.5209034,0.8929075048022295,0.8793370645573818,0.905615378916154,0.8942212950720876,0.8754706442198048,0.9107436338202364,0.07044261170516272,0.13861163,0.7518450184501845,0.13239719157472418,True
DINOv2-base,Age,Pleural Effusion,50-70,5288,3405,0.64391077,0.8895189433551453,0.8797333927594808,0.898450212506666,0.9304712918439533,0.9224505588493125,0.938072468249001,0.09166001381969668,0.13689066,0.7973568281938326,0.17206585236325014,True
DINOv2-base,Age,Pleural Effusion,70+,5333,4138,0.7759235,0.8732656408306725,0.8612487497556667,0.8845029367897379,0.953348397295248,0.9467744457121764,0.9594061180986051,0.08726598939058727,0.119913824,0.8740937651039149,0.32217573221757323,True
DINOv2-base,Age,Pneumonia,<50,1330,499,0.37518796,0.7496678073354892,0.7213363684971765,0.7748580712492019,0.6667237313698686,0.6231352288468354,0.7097087235400433,0.05582000870341645,0.19291607,0.5470941883767535,0.2045728038507822,True
DINOv2-base,Age,Pneumonia,50-70,2601,1045,0.40176857,0.7631855696731897,0.7445698406909843,0.7822988747903649,0.7112096309021518,0.6805572592875948,0.7409596639100025,0.07122630823327687,0.19374983,0.6440191387559808,0.2467866323907455,True
DINOv2-base,Age,Pneumonia,70+,2052,908,0.44249514,0.7465911016296479,0.7242341717198607,0.7669461181047412,0.6998150115489116,0.669067492279743,0.7334018851419081,0.09920496950706659,0.211655,0.7533039647577092,0.3776223776223776,True
DINOv2-base,Age,Pneumothorax,<50,1761,441,0.2504259,0.7287122929980073,0.701170577586295,0.7545779674645587,0.49041679543351485,0.4460784308316853,0.5434858457130936,0.1773817195054112,0.19802539,0.691609977324263,0.3560606060606061,True
DINOv2-base,Age,Pneumothorax,50-70,3471,647,0.18640162,0.6994288303829835,0.6766266412385206,0.7229766303705422,0.3761234798903342,0.3393923635945651,0.4147952384348651,0.2220126168614023,0.19686152,0.6213292117465224,0.3268413597733711,True
DINOv2-base,Age,Pneumothorax,70+,3058,541,0.17691301,0.7081957292995432,0.6851707755112715,0.7336024637668241,0.3910237998197891,0.3533093475156551,0.4362097980148165,0.2704679094878695,0.2155134,0.7060998151571165,0.40166865315852207,True
DINOv2-base,BMI,Cardiomegaly,<25,2613,1734,0.66360503,0.8129027559628549,0.7956107108542003,0.8304078822054956,0.8841237602174212,0.8678457087609139,0.8995001222549117,0.15176089358909164,0.186161,0.7537485582468282,0.28896473265073946,True
DINOv2-base,BMI,Cardiomegaly,25-30,2148,1545,0.71927375,0.8182974018794914,0.7991175984089559,0.8388371392044305,0.9156081732505713,0.9023477191418235,0.9290802988250063,0.16559318516202254,0.17711155,0.7902912621359224,0.3200663349917081,True
DINOv2-base,BMI,Cardiomegaly,30+,2735,2198,0.8036563,0.8010837683826333,0.7796602152912641,0.8206466815675265,0.9315213276693756,0.9191823684057793,0.9423673395647109,0.16465701701109325,0.15496416,0.8535031847133758,0.41899441340782123,True
DINOv2-base,BMI,Consolidation,<25,945,606,0.64126986,0.8722752806254077,0.8486549624376291,0.8950282743737153,0.9254932747192052,0.9078775194297058,0.9415491772863005,0.055090082164794676,0.14231023,0.7953795379537953,0.18584070796460178,True
DINOv2-base,BMI,Consolidation,25-30,635,334,0.5259842,0.8553424712037719,0.82377423289474,0.8820676759817295,0.878798121974146,0.8471156497146047,0.9051702023734868,0.035263056789092195,0.15581048,0.7395209580838323,0.19933554817275748,True
DINOv2-base,BMI,Consolidation,30+,653,312,0.4777948,0.8706105722234754,0.8415720226855886,0.8978639592029977,0.87703271024563,0.8445379749070088,0.9075812433625478,0.035461748438169904,0.14061385,0.7564102564102564,0.13196480938416422,True
DINOv2-base,BMI,Edema,<25,2176,1107,0.5087316,0.8988738219156436,0.885976301655846,0.9116336006632599,0.8899565205739712,0.8720441752560572,0.9089070954112868,0.014790053116431572,0.12689793,0.8238482384823849,0.17586529466791395,True
DINOv2-base,BMI,Edema,25-30,1945,946,0.48637533,0.8931669513064862,0.8799666890840208,0.9063069937223884,0.8797285122591004,0.8592198621753919,0.8989512446929958,0.01404049625012133,0.1307674,0.7959830866807611,0.16316316316316315,True
DINOv2-base,BMI,Edema,30+,2380,1210,0.50840336,0.8929321183866639,0.8798275022320755,0.9060337361581949,0.8838337705566341,0.8640456476073227,0.9031076169739385,0.020886416883528734,0.13101666,0.8,0.16923076923076924,True
DINOv2-base,BMI,Enlarged Cardiomediastinum,<25,605,323,0.5338843,0.8040972267966539,0.7684763699763141,0.8375984771407052,0.8222481466512543,0.780076255876569,0.8639719465590535,0.08195852519066865,0.18472171,0.6377708978328174,0.22340425531914893,True
DINOv2-base,BMI,Enlarged Cardiomediastinum,25-30,453,262,0.57836646,0.7910754965828704,0.7501962833861551,0.8305949791506261,0.8364168147092452,0.7902199205305104,0.8775667930517306,0.08904403423434061,0.19148445,0.683206106870229,0.21465968586387435,True
DINOv2-base,BMI,Enlarged Cardiomediastinum,30+,492,306,0.6219512,0.7824689015391102,0.740954554848162,0.8223143539905265,0.8512991738072608,0.8069001152648514,0.8871638405197881,0.048823293571065116,0.18398163,0.7875816993464052,0.34408602150537637,True
DINOv2-base,BMI,Pleural Effusion,<25,4075,2891,0.70944786,0.9005157548589753,0.8902747855270946,0.9107661594489121,0.9523637470546591,0.9453419105175214,0.9590601116513437,0.08900912367127424,0.120781645,0.8471117260463508,0.20861486486486486,True
DINOv2-base,BMI,Pleural Effusion,25-30,2741,1715,0.6256841,0.8813161020464995,0.8682914595734691,0.894112066865988,0.9181493066992085,0.9048429007018284,0.9299984939727552,0.07870149399863678,0.14046416,0.7965014577259475,0.195906432748538,True
DINOv2-base,BMI,Pleural Effusion,30+,3281,2108,0.64248705,0.8890954121108884,0.8775343547734747,0.9004647981354232,0.9290949613973615,0.917619002425728,0.9389208448199963,0.08667187526803921,0.13608186,0.8012333965844403,0.18073316283034954,True
DINOv2-base,BMI,Pneumonia,<25,1902,872,0.45846477,0.7633506279504765,0.7427255940529481,0.7847427702442794,0.7414785467698679,0.7124426814337826,0.7714823792703058,0.04960723993389012,0.19827668,0.6880733944954128,0.3067961165048544,True
DINOv2-base,BMI,Pneumonia,25-30,1512,551,0.364418,0.7383529331779698,0.7115794996849746,0.7645845300420857,0.6353012164807965,0.5906785348803429,0.6788160471394542,0.09761073114104057,0.20227535,0.6370235934664247,0.26222684703433924,True
DINOv2-base,BMI,Pneumonia,30+,1553,505,0.32517707,0.7244520444410854,0.6990320916794182,0.7527525074058772,0.5823719515014377,0.5357696884058889,0.6280679239177999,0.1131788411795978,0.19994326,0.5643564356435643,0.23759541984732824,True
DINOv2-base,BMI,Pneumothorax,<25,2721,750,0.27563396,0.7271124640622357,0.7061314860278394,0.7476281451658012,0.5191928209304114,0.48530296302778686,0.557958098221719,0.23988568987622066,0.23432645,0.8173333333333334,0.5083713850837138,True
DINOv2-base,BMI,Pneumothorax,25-30,1841,334,0.18142314,0.6911538568516584,0.659961199389252,0.7214240525867462,0.3204104272389581,0.27639483893922084,0.3720892259843774,0.2261071425621306,0.19872884,0.6167664670658682,0.3424021234240212,True
DINOv2-base,BMI,Pneumothorax,30+,2073,281,0.13555235,0.6552689692425012,0.6191201417483656,0.6884577841402102,0.2601641350928521,0.2173409393734446,0.310176103546579,0.20186200933472523,0.16382731,0.43416370106761565,0.21540178571428573,True
XRV-DenseNet-nih,Gender,Cardiomegaly,Female,4246,3117,0.73410267,0.8264936448113193,0.8124171765798179,0.8410196660835234,0.9198681745568718,0.9103387499065799,0.9299337442885143,0.15986468184263816,0.16666833,0.7632338787295476,0.2763507528786537,True
XRV-DenseNet-nih,Gender,Cardiomegaly,Male,5177,3810,0.73594743,0.8106023689248061,0.7966799919208024,0.8229332456199225,0.914439110432605,0.9050951306855441,0.9235708627021542,0.16534774650304915,0.17505333,0.7556430446194226,0.288222384784199,True
XRV-DenseNet-nih,Gender,Consolidation,Female,1322,732,0.5537065,0.8306612948041123,0.808880090480061,0.8519496772812477,0.8453707134544187,0.8156344251650178,0.8734520961838775,0.05349479687827077,0.16898327,0.7308743169398907,0.22203389830508474,True
XRV-DenseNet-nih,Gender,Consolidation,Male,1566,981,0.62643677,0.8233322007022312,0.8033074909062332,0.8435462055866478,0.8861304483062817,0.8676601293681617,0.9038857723929687,0.0765566484453121,0.17024983,0.7543323139653415,0.24615384615384617,True
XRV-DenseNet-nih,Gender,Edema,Female,3807,2079,0.5460993,0.8430610670194003,0.8294311651496264,0.8544442914006533,0.8467147257379231,0.8277572896819867,0.861736506171241,0.02263988786390957,0.15934399,0.810966810966811,0.27546296296296297,True
XRV-DenseNet-nih,Gender,Edema,Male,4454,2338,0.5249214,0.8420213987364187,0.831195126082009,0.8539507141862764,0.8408303733896353,0.8255126459206732,0.8570488519945261,0.019399847417106316,0.16078077,0.8028229255774166,0.26417769376181477,True
XRV-DenseNet-nih,Gender,Enlarged Cardiomediastinum,Female,882,536,0.60770977,0.7980760935208351,0.7683236568475622,0.826622300825122,0.8458977925118981,0.8130309361623701,0.875292367562489,0.10022312188162016,0.18837993,0.710820895522388,0.2514450867052023,True
XRV-DenseNet-nih,Gender,Enlarged Cardiomediastinum,Male,1124,639,0.56850535,0.7884613523062776,0.7623443064308871,0.8136154422219019,0.8272331139520059,0.7951006533571958,0.859758496834235,0.048823888761611166,0.18779725,0.7699530516431925,0.3216494845360825,True
XRV-DenseNet-nih,Gender,Pleural Effusion,Female,5712,3893,0.68154764,0.8286611186794866,0.8171334615503,0.840134518146127,0.898714449007072,0.8888346252789612,0.9090160278327881,0.11816558099797918,0.16324271,0.7446699203698947,0.25398570643210555,True
XRV-DenseNet-nih,Gender,Pleural Effusion,Male,6990,4734,0.67725325,0.8160306497137053,0.8054937873354047,0.8263440759657739,0.892379515991635,0.8841862646498161,0.9013999362242374,0.11908426920914002,0.17166863,0.7260245035910435,0.2322695035460993,True
XRV-DenseNet-nih,Gender,Pneumonia,Female,2800,1128,0.40285715,0.7067665385659506,0.6876686551003327,0.727050024822019,0.6242279255182177,0.5974521921502209,0.6552265723423983,0.07561469482524055,0.21559982,0.6170212765957447,0.305622009569378,True
XRV-DenseNet-nih,Gender,Pneumonia,Male,3183,1324,0.41595978,0.7235377334726626,0.7067618728227735,0.7417700268574565,0.6492180215667274,0.6239020669269202,0.6780759100798555,0.08465735533544189,0.21388458,0.6586102719033232,0.3345884884346423,True
XRV-DenseNet-nih,Gender,Pneumothorax,Female,3465,635,0.18326119,0.6650460476892684,0.6406118785990647,0.689764544348022,0.32203116543743276,0.2901367943905093,0.35786160749382345,0.2824222873600703,0.22584088,0.5984251968503937,0.3537102473498233,True
XRV-DenseNet-nih,Gender,Pneumothorax,Male,4825,994,0.20601036,0.6412590657492331,0.6214538185179787,0.6602354884626421,0.32488033218678336,0.2995061175546293,0.3535413740752232,0.2621918110155689,0.2296318,0.5543259557344065,0.33829287392325763,True
XRV-DenseNet-nih,Age,Cardiomegaly,<50,1629,953,0.5850215,0.8442073303240466,0.8270836297095141,0.8628233004006689,0.8710766867613903,0.8513226497076016,0.8913655984765032,0.09372793429830165,0.16705014,0.7219307450157397,0.20266272189349113,True
XRV-DenseNet-nih,Age,Cardiomegaly,50-70,3968,2813,0.7089214,0.8185736292384,0.8043923582700165,0.8321499892552503,0.9105598046243717,0.9006426292775125,0.9200416599674834,0.15082484102928106,0.17418297,0.7444009953785994,0.2632034632034632,True
XRV-DenseNet-nih,Age,Cardiomegaly,70+,3826,3161,0.8261892,0.7749394048233523,0.7546157991840934,0.7939328963674922,0.9355993263088219,0.925978652294756,0.9449366128111912,0.20481836538756013,0.17005806,0.7832964251819045,0.39849624060150374,True
XRV-DenseNet-nih,Age,Consolidation,<50,589,303,0.51443124,0.8206512958988206,0.7865679954213064,0.8539053771658206,0.838435713309881,0.7968931613126125,0.8739764236874583,0.06571801110520224,0.17436841,0.6798679867986799,0.17832167832167833,True
XRV-DenseNet-nih,Age,Consolidation,50-70,1206,707,0.58623546,0.8393222087739836,0.8170629076036685,0.8619329108707953,0.8783330412932564,0.8551107392203102,0.8998753279397914,0.06580950543407975,0.16506088,0.7411598302687411,0.218436873747495,True
XRV-DenseNet-nih,Age,Consolidation,70+,1093,703,0.6431839,0.8103804209067367,0.7817396492997164,0.8351066517424879,0.8728092638574043,0.8456026373377004,0.899622550415609,0.07521762351922125,0.1722239,0.7752489331436699,0.2948717948717949,True
XRV-DenseNet-nih,Age,Edema,<50,1290,527,0.40852714,0.8767921492361372,0.8580609421149612,0.8953865540190781,0.8149436882042345,0.7773560051867902,0.8463541963928944,0.03933450055792351,0.14060259,0.8140417457305503,0.20707732634338138,True
XRV-DenseNet-nih,Age,Edema,50-70,3485,1778,0.5101865,0.8466771179085918,0.8333449910635033,0.8592371365729278,0.8357832288863001,0.8168452099529865,0.8536114321836178,0.015520446951710851,0.15878223,0.7913385826771654,0.24135910954891623,True
XRV-DenseNet-nih,Age,Edema,70+,3486,2112,0.605852,0.8173614901746724,0.8032327931055735,0.8316045727348811,0.8598380316444842,0.8444602775641039,0.8748192009023844,0.036705294640000635,0.16867664,0.8177083333333334,0.3384279475982533,True
XRV-DenseNet-nih,Age,Enlarged Cardiomediastinum,<50,483,225,0.46583852,0.7615159345391904,0.718241107516389,0.8047935592708875,0.7237521822725755,0.661845797434899,0.7909085455870564,0.060449596764384834,0.20108402,0.6044444444444445,0.2131782945736434,True
XRV-DenseNet-nih,Age,Enlarged Cardiomediastinum,50-70,891,516,0.57912457,0.8166821705426356,0.7881761698101442,0.8424771270488386,0.8658839329324337,0.8382282156132491,0.8912892697837844,0.07023635590250377,0.17724955,0.751937984496124,0.25866666666666666,True
XRV-DenseNet-nih,Age,Enlarged Cardiomediastinum,70+,632,434,0.68670887,0.7366056882185915,0.6954466620284159,0.7760734144534388,0.8496758969966409,0.8135565258962585,0.8807006159512151,0.09373325564533094,0.19332634,0.804147465437788,0.4595959595959596,True
XRV-DenseNet-nih,Age,Pleural Effusion,<50,2081,1084,0.5209034,0.8418382453633966,0.8248976955897088,0.858387556066418,0.8376335799756784,0.8152532946168065,0.8593914551020022,0.0606992625090321,0.16519727,0.698339483394834,0.17753259779338015,True
XRV-DenseNet-nih,Age,Pleural Effusion,50-70,5288,3405,0.64391077,0.8162369387432028,0.8038052831773347,0.8279671610475551,0.878282117325722,0.8663722076768865,0.8890940993115564,0.11095149246426284,0.1754383,0.6989720998531571,0.22304832713754646,True
XRV-DenseNet-nih,Age,Pleural Effusion,70+,5333,4138,0.7759235,0.7921230113389324,0.7774671973823374,0.8061181632062161,0.9202826586667092,0.911620651403819,0.9291032734310443,0.1489469970136562,0.16143125,0.7730787820202997,0.32552301255230126,True
XRV-DenseNet-nih,Age,Pneumonia,<50,1330,499,0.37518796,0.7081021248272719,0.6786812876648526,0.7367103427668339,0.6038350314758323,0.5588746208561266,0.6476431574000321,0.06641626724399122,0.2075372,0.5230460921843687,0.22021660649819494,True
XRV-DenseNet-nih,Age,Pneumonia,50-70,2601,1045,0.40176857,0.7309737887602858,0.71134621230335,0.7501928114027635,0.6560605687381649,0.6264457886325293,0.6864850947522322,0.07726732838822988,0.20821868,0.6258373205741626,0.2808483290488432,True
XRV-DenseNet-nih,Age,Pneumonia,70+,2052,908,0.44249514,0.6951360863805798,0.6715557306530944,0.7157789371717548,0.6356719723149773,0.6022085561205859,0.6686370807871753,0.0949658069970199,0.22752085,0.7191629955947136,0.44842657342657344,True
XRV-DenseNet-nih,Age,Pneumothorax,<50,1761,441,0.2504259,0.6789545110973683,0.6488585074904399,0.7060117732371082,0.41931739442177396,0.3772888458394424,0.46662941494564625,0.23486162797843513,0.23079082,0.6575963718820862,0.38333333333333336,True
XRV-DenseNet-nih,Age,Pneumothorax,50-70,3471,647,0.18640162,0.6455379699725471,0.6200979606321303,0.6721176766772179,0.29620125139883746,0.2673187061627823,0.3283103615006036,0.2706477219473385,0.22393632,0.5440494590417311,0.31940509915014165,True
XRV-DenseNet-nih,Age,Pneumothorax,70+,3058,541,0.17691301,0.6274971597939923,0.6013820470885574,0.6536348331089731,0.28896009555475544,0.25730434726471624,0.3293002805429603,0.29130524009992437,0.2311336,0.5341959334565619,0.35319825188716725,True
XRV-DenseNet-nih,BMI,Cardiomegaly,<25,2613,1734,0.66360503,0.8062572415702545,0.7873178214708592,0.8237677837963325,0.8798038847203904,0.8636746267351094,0.894932203812578,0.14971051479761416,0.18722966,0.7537485582468282,0.2935153583617747,True
XRV-DenseNet-nih,BMI,Cardiomegaly,25-30,2148,1545,0.71927375,0.8153665330306397,0.7961169563658954,0.8362702547537623,0.9097891393553506,0.8965098005546258,0.9241200207464638,0.17169458509268487,0.17891203,0.7974110032362459,0.3167495854063018,True
XRV-DenseNet-nih,BMI,Cardiomegaly,30+,2735,2198,0.8036563,0.8290192709471789,0.8093038133284391,0.8472998398624972,0.9423867412277073,0.931399174907915,0.9524247535908164,0.17785902925557587,0.153097,0.8375796178343949,0.35195530726256985,True
XRV-DenseNet-nih,BMI,Consolidation,<25,945,606,0.64126986,0.8031289854649182,0.7746279581004798,0.8311326459675749,0.8804112352705213,0.8554435801606413,0.9029111386402286,0.082315947438674,0.17797096,0.7013201320132013,0.2182890855457227,True
XRV-DenseNet-nih,BMI,Consolidation,25-30,635,334,0.5259842,0.806503272524718,0.7702443167415881,0.8401500017608482,0.8186527585031185,0.7731242451213562,0.8598089036347176,0.057881364155942056,0.18180309,0.6017964071856288,0.14285714285714285,True
XRV-DenseNet-nih,BMI,Consolidation,30+,653,312,0.4777948,0.8009718775847807,0.7672227064782642,0.8356529675795945,0.7799613311322862,0.7328873754187603,0.8274778373609836,0.03160444254577616,0.18139216,0.6442307692307693,0.17008797653958943,True
XRV-DenseNet-nih,BMI,Edema,<25,2176,1107,0.5087316,0.854390336856284,0.8387772176204396,0.8710304796885349,0.8511569441584338,0.830443648125773,0.8736080280522677,0.020984986053971463,0.15523231,0.7985546522131888,0.2422825070159027,True
XRV-DenseNet-nih,BMI,Edema,25-30,1945,946,0.48637533,0.8270828968503386,0.8091053783788472,0.8443616257196578,0.7987714497694245,0.7716901231308827,0.8233668806500091,0.03304508632206978,0.16929086,0.741014799154334,0.22322322322322322,True
XRV-DenseNet-nih,BMI,Edema,30+,2380,1210,0.50840336,0.8415667161121706,0.8248765121223154,0.8558848568087724,0.8257099884633405,0.7998486299506504,0.8493612293551386,0.023837006049809834,0.1619041,0.8256198347107438,0.2948717948717949,True
XRV-DenseNet-nih,BMI,Enlarged Cardiomediastinum,<25,605,323,0.5338843,0.7961157587335047,0.7590181851683407,0.8311813045085942,0.8048171774845603,0.7577328609295623,0.8532022635233926,0.06911106513551443,0.18790892,0.6780185758513931,0.2127659574468085,True
XRV-DenseNet-nih,BMI,Enlarged Cardiomediastinum,25-30,453,262,0.57836646,0.7944126933375966,0.7516336325111155,0.8320549439282354,0.8477622573075165,0.8056048800242764,0.8836486695899701,0.1050585594365402,0.19197251,0.7061068702290076,0.2879581151832461,True
XRV-DenseNet-nih,BMI,Enlarged Cardiomediastinum,30+,492,306,0.6219512,0.7761437908496733,0.7338505231544193,0.8174339216282972,0.8356317175002654,0.7883027761619881,0.8802444683138997,0.06914884909018269,0.18794629,0.7777777777777778,0.3279569892473118,True
XRV-DenseNet-nih,BMI,Pleural Effusion,<25,4075,2891,0.70944786,0.836806853983004,0.8233464513606386,0.8506081457543654,0.9198510631347004,0.9106673480418184,0.9289798762454374,0.1322149288526342,0.15961173,0.7890003459010723,0.2846283783783784,True
XRV-DenseNet-nih,BMI,Pleural Effusion,25-30,2741,1715,0.6256841,0.8162157093413807,0.798513769408543,0.8320191519245216,0.8627002820502989,0.8438071319458665,0.8803801537146431,0.11069933460826252,0.17798224,0.7352769679300292,0.2553606237816764,True
XRV-DenseNet-nih,BMI,Pleural Effusion,30+,3281,2108,0.64248705,0.8150018360615429,0.8000094028590337,0.8302418059868181,0.8730167907377051,0.8569964520811437,0.8879082927785218,0.1133159481963164,0.17645052,0.7575901328273245,0.2753623188405797,True
XRV-DenseNet-nih,BMI,Pneumonia,<25,1902,872,0.45846477,0.7068718268459963,0.6847342121561195,0.7323481291568621,0.6682237303092851,0.6383210191059779,0.7044079399546064,0.052725783877317585,0.21865375,0.6536697247706422,0.35825242718446604,True
XRV-DenseNet-nih,BMI,Pneumonia,25-30,1512,551,0.364418,0.7025387574573521,0.6723512278225642,0.729928659100877,0.5840742175179393,0.538891178050855,0.6317405392397226,0.10123585743051042,0.21328312,0.5898366606170599,0.259105098855359,True
XRV-DenseNet-nih,BMI,Pneumonia,30+,1553,505,0.32517707,0.6785636006348726,0.6485468253393138,0.7083649014657729,0.5101247916197764,0.4679186552213825,0.5610748792098001,0.12302513313116908,0.21541095,0.5485148514851486,0.2833969465648855,True
XRV-DenseNet-nih,BMI,Pneumothorax,<25,2721,750,0.27563396,0.6549311686115338,0.6305107703878579,0.6767563691049273,0.40893791339172897,0.3773470652581434,0.443231852633029,0.2689434711255601,0.26239073,0.6466666666666666,0.4140030441400304,True
XRV-DenseNet-nih,BMI,Pneumothorax,25-30,1841,334,0.18142314,0.578116494284159,0.5393650231396677,0.6126604796920084,0.24478095461377433,0.21148804436651159,0.2846409830506351,0.2770779157125192,0.23003468,0.3532934131736527,0.205706702057067,True
XRV-DenseNet-nih,BMI,Pneumothorax,30+,2073,281,0.13555235,0.6000611654804271,0.5634153554865873,0.638674328569395,0.2111380438686119,0.17718368618367464,0.2612956311255217,0.247107038072239,0.18206498,0.18149466192170818,0.09486607142857142,True
BiomedCLIP,Gender,Cardiomegaly,Female,4246,3117,0.73410267,0.8465900162342967,0.8325047039182434,0.8584467715785469,0.9319268631543087,0.923276951991524,0.939976336281661,0.13900908876914098,0.15541086,0.8177735001604106,0.2843224092116918,True
BiomedCLIP,Gender,Cardiomegaly,Male,5177,3810,0.73594743,0.8366215653182343,0.8239075108776289,0.8484561812909615,0.9302544597625527,0.9222249603820716,0.9375011907066727,0.1663500013264169,0.1691662,0.7858267716535433,0.2809070958302853,True
BiomedCLIP,Gender,Consolidation,Female,1322,732,0.5537065,0.9099008983977032,0.8940807244843146,0.9260191157265056,0.9282978544997715,0.9101973748943034,0.9434689509768085,0.03651889734556292,0.11661977,0.8306010928961749,0.1271186440677966,True
BiomedCLIP,Gender,Consolidation,Male,1566,981,0.62643677,0.8944509788546487,0.8783871971284654,0.9092451729336125,0.9357235330912045,0.9227355632656516,0.947001302699072,0.05939659938730042,0.13117427,0.8063200815494393,0.17435897435897435,True
BiomedCLIP,Gender,Edema,Female,3807,2079,0.5460993,0.8895559708638413,0.8786844808865414,0.8994336038744164,0.8984354100591864,0.8854282204579095,0.9105127723015555,0.022510986868120853,0.13356735,0.8244348244348244,0.21585648148148148,True
BiomedCLIP,Gender,Edema,Male,4454,2338,0.5249214,0.8829968337696738,0.8733000623635656,0.8924855799914029,0.8853634395635166,0.873280912015946,0.8985072416679343,0.013606991854734253,0.13770564,0.8267750213857998,0.21833648393194707,True
BiomedCLIP,Gender,Enlarged Cardiomediastinum,Female,882,536,0.60770977,0.8076093520835131,0.7789913216248249,0.8352503428310204,0.8611504194302639,0.8299606997288758,0.8897076880782165,0.08506987299643406,0.18021877,0.7126865671641791,0.1936416184971098,True
BiomedCLIP,Gender,Enlarged Cardiomediastinum,Male,1124,639,0.56850535,0.7972669925624769,0.7716503936905394,0.8235466277824971,0.8436355815418515,0.8162638347233159,0.8704868976016901,0.05282062750800224,0.1838611,0.7057902973395931,0.24123711340206186,True
BiomedCLIP,Gender,Pleural Effusion,Female,5712,3893,0.68154764,0.8995312628197352,0.891322583915219,0.9082126851425825,0.9467872326694742,0.9407842153742206,0.9526529405975218,0.06590007011796914,0.12109232,0.851528384279476,0.21385376580538756,True
BiomedCLIP,Gender,Pleural Effusion,Male,6990,4734,0.67725325,0.885380804921093,0.8771430003613789,0.8930270586714882,0.9378715043745691,0.9318991805531576,0.9441314876350285,0.09799448171462623,0.13794002,0.7955217574989438,0.19281914893617022,True
BiomedCLIP,Gender,Pneumonia,Female,2800,1128,0.40285715,0.7673185169160813,0.7485838710601289,0.7847478706268218,0.7084553999539651,0.6815716871110392,0.7342639487196432,0.06486965384334326,0.19248502,0.6533687943262412,0.24820574162679426,True
BiomedCLIP,Gender,Pneumonia,Male,3183,1324,0.41595978,0.7759779727592881,0.7590352791702403,0.7914150617520123,0.7347546672409773,0.7111359505336974,0.7576062380852502,0.0759241761762018,0.19203888,0.6774924471299094,0.2694997310381926,True
BiomedCLIP,Gender,Pneumothorax,Female,3465,635,0.18326119,0.7049347541804624,0.6828479821574028,0.7273651767280136,0.4099990630786584,0.3722549196954049,0.4521906746013247,0.265159489291829,0.21226917,0.7007874015748031,0.4045936395759717,True
BiomedCLIP,Gender,Pneumothorax,Male,4825,994,0.20601036,0.7035830225414086,0.6852938922811246,0.7210507084189608,0.4206876925573047,0.3925097033450138,0.4537742867581757,0.25323273954459424,0.21588543,0.704225352112676,0.4147742103889324,True
BiomedCLIP,Age,Cardiomegaly,<50,1629,953,0.5850215,0.8565725178042556,0.8390789982441693,0.8753108584218463,0.887434948611056,0.8702297712548825,0.9052397095703139,0.09521464056274218,0.16246758,0.7555089192025184,0.22633136094674555,True
BiomedCLIP,Age,Cardiomegaly,50-70,3968,2813,0.7089214,0.837784990220113,0.8245575454111287,0.8504645161040778,0.9239241429153915,0.9154987513478938,0.9321474200101445,0.14580663719454842,0.16819301,0.7771062922147174,0.2632034632034632,True
BiomedCLIP,Age,Cardiomegaly,70+,3826,3161,0.8261892,0.8124610799380608,0.7949917672719817,0.8302427855725378,0.948024452993455,0.9397152095820361,0.9559585095257166,0.18760096386924066,0.15776226,0.8342296741537488,0.37293233082706767,True
BiomedCLIP,Age,Consolidation,<50,589,303,0.51443124,0.8968127581988968,0.8709318105027504,0.9214325149067605,0.9123322451286389,0.8867435068833083,0.9346986243159802,0.05391033883056333,0.12761845,0.768976897689769,0.10839160839160839,True
BiomedCLIP,Age,Consolidation,50-70,1206,707,0.58623546,0.9166338334377383,0.9029936479492331,0.9322388683415666,0.9452401585953601,0.9335930090371447,0.957062683751322,0.04518294959617887,0.1167913,0.8147100424328148,0.13226452905811623,True
BiomedCLIP,Age,Consolidation,70+,1093,703,0.6431839,0.8827734617208302,0.860764588520685,0.9027881195973301,0.9254847760571325,0.9062780550541768,0.9425528644345845,0.045244028534457324,0.1313565,0.8392603129445235,0.20512820512820512,True
BiomedCLIP,Age,Edema,<50,1290,527,0.40852714,0.9075655121474456,0.8920392704438226,0.9230948251899639,0.8739009773542824,0.8501643218203582,0.8976880040909347,0.03723027624132097,0.12048766,0.8406072106261859,0.17562254259501967,True
BiomedCLIP,Age,Edema,50-70,3485,1778,0.5101865,0.8968358304948262,0.8864235208645878,0.9069391631283442,0.8929565495377708,0.8794137739803108,0.9058865092005466,0.017655491670713876,0.12928836,0.8177727784026997,0.19214997070884593,True
BiomedCLIP,Age,Edema,70+,3486,2112,0.605852,0.8596896227559438,0.8472534959162737,0.872168226048173,0.8944764156595246,0.8806138944310997,0.9087227805750733,0.028906448008476558,0.14797267,0.8285984848484849,0.2714701601164483,True
BiomedCLIP,Age,Enlarged Cardiomediastinum,<50,483,225,0.46583852,0.7501636520241172,0.7070655161985687,0.7951441822283678,0.7477553858636715,0.6910027851082329,0.804672006832019,0.07061963779832511,0.20228848,0.5688888888888889,0.15503875968992248,True
BiomedCLIP,Age,Enlarged Cardiomediastinum,50-70,891,516,0.57912457,0.8270645994832041,0.7982595296099411,0.8533187139378512,0.8794030247449256,0.854842073605333,0.9024567250199566,0.061610534235283176,0.17036936,0.7209302325581395,0.2,True
BiomedCLIP,Age,Enlarged Cardiomediastinum,70+,632,434,0.68670887,0.7616254713028907,0.7222839155579475,0.7995926812148817,0.8629773724714175,0.8289223305586036,0.8940745172766783,0.09567040925303216,0.18371585,0.7672811059907834,0.3484848484848485,True
BiomedCLIP,Age,Pleural Effusion,<50,2081,1084,0.5209034,0.906480511645638,0.8924267206120041,0.9177828466272272,0.9151601262738819,0.9009872501083179,0.9277472723095622,0.046770942337893334,0.12507561,0.7813653136531366,0.1283851554663992,True
BiomedCLIP,Age,Pleural Effusion,50-70,5288,3405,0.64391077,0.8877081671310582,0.8787741114376952,0.89684308262042,0.930670984179402,0.9226949691017051,0.9381923538951908,0.07594875561893438,0.1357382,0.7994126284875184,0.1980881571959639,True
BiomedCLIP,Age,Pleural Effusion,70+,5333,4138,0.7759235,0.8727309496027228,0.8613530445019894,0.8836604964423672,0.9561021931979701,0.9506735875733483,0.9612244670540924,0.10546695797400471,0.12709808,0.8487191880135331,0.2702928870292887,True
BiomedCLIP,Age,Pneumonia,<50,1330,499,0.37518796,0.7903170962864356,0.7635415735085679,0.8148714997816551,0.7393762440781088,0.7012478502486982,0.7736892180405245,0.059415122956261605,0.17446202,0.6132264529058116,0.17328519855595667,True
BiomedCLIP,Age,Pneumonia,50-70,2601,1045,0.40176857,0.7800605158608135,0.7604220260846721,0.7982826208763775,0.732745808089712,0.7058189504359265,0.7584330310384833,0.06977124343762624,0.1874322,0.6535885167464115,0.2416452442159383,True
BiomedCLIP,Age,Pneumonia,70+,2052,908,0.44249514,0.7419326268445212,0.7204221040896501,0.7626787252845649,0.7012577328783981,0.6710438434372697,0.7328065669614879,0.08323025794202357,0.20987922,0.710352422907489,0.34615384615384615,True
BiomedCLIP,Age,Pneumothorax,<50,1761,441,0.2504259,0.7373514052085479,0.7089482518297558,0.764217951510151,0.5175003563160544,0.47089428574142916,0.5647956366745506,0.20925487575799753,0.20698747,0.7505668934240363,0.3878787878787879,True
BiomedCLIP,Age,Pneumothorax,50-70,3471,647,0.18640162,0.6993519337452001,0.6744420035578851,0.7242844845142793,0.4057847423739007,0.3661375619904245,0.4485688571899464,0.2526873798187134,0.20703146,0.652241112828439,0.37747875354107646,True
BiomedCLIP,Age,Pneumothorax,70+,3058,541,0.17691301,0.6871851814316987,0.6631661655333758,0.7134938707102386,0.36646671033045347,0.3277019416372845,0.4111951246306292,0.29304578509047735,0.2269617,0.7245841035120147,0.45927691696464046,True
BiomedCLIP,BMI,Cardiomegaly,<25,2613,1734,0.66360503,0.8354190367842245,0.8192925901185611,0.8503910982095612,0.9044898524104641,0.8912394647746037,0.9159292968148156,0.1400751435820554,0.17542997,0.7520184544405998,0.24800910125142206,True
BiomedCLIP,BMI,Cardiomegaly,25-30,2148,1545,0.71927375,0.8455231930960085,0.8285638870361375,0.8629723340886079,0.9320280334052623,0.9211203276378156,0.9424380900941288,0.16501896532193466,0.16860762,0.7831715210355987,0.25870646766169153,True
BiomedCLIP,BMI,Cardiomegaly,30+,2735,2198,0.8036563,0.8478538979908941,0.8294900777891593,0.8646600890567963,0.9526373365276467,0.9439183181059558,0.9604129582191107,0.16865713767966142,0.1476789,0.8339399454049136,0.2849162011173184,True
BiomedCLIP,BMI,Consolidation,<25,945,606,0.64126986,0.8929047772033841,0.8719957857742792,0.9123369765133935,0.938871663158928,0.9217320006521471,0.9522475585863297,0.05318699797625265,0.12859975,0.8168316831683168,0.1710914454277286,True
BiomedCLIP,BMI,Consolidation,25-30,635,334,0.5259842,0.8866055264885512,0.8598469926514771,0.9098158827016033,0.8969956056476928,0.8659304956604424,0.925039478609467,0.04868869526883749,0.13946666,0.7514970059880239,0.14285714285714285,True
BiomedCLIP,BMI,Consolidation,30+,653,312,0.4777948,0.8720298518685615,0.8441761193781437,0.9014613555041887,0.8771060327283339,0.8463314580914534,0.9090325339711082,0.03376711917553342,0.13869572,0.7532051282051282,0.1348973607038123,True
BiomedCLIP,BMI,Edema,<25,2176,1107,0.5087316,0.8910276723596671,0.8782953176477228,0.9040137313985106,0.8881367974657111,0.8702189960618698,0.9061362218453695,0.017368605714770693,0.13312887,0.8572719060523939,0.2291861552853134,True
BiomedCLIP,BMI,Edema,25-30,1945,946,0.48637533,0.8826426849682664,0.8682023860122366,0.8966892636911705,0.8691624198734851,0.8490063151268342,0.8892131312602062,0.0233637694834437,0.13938776,0.8076109936575053,0.22722722722722724,True
BiomedCLIP,BMI,Edema,30+,2380,1210,0.50840336,0.8844303171575899,0.8715093421465785,0.8974381601474258,0.8826583442192429,0.8662775266178824,0.8994761847988431,0.023993930932791795,0.13745809,0.8520661157024794,0.24957264957264957,True
BiomedCLIP,BMI,Enlarged Cardiomediastinum,<25,605,323,0.5338843,0.802757833256483,0.7673124676673881,0.8366468936467244,0.8203941981592073,0.778891667199673,0.861357278602606,0.06099783861932675,0.18499683,0.6718266253869969,0.19148936170212766,True
BiomedCLIP,BMI,Enlarged Cardiomediastinum,25-30,453,262,0.57836646,0.8021461971943569,0.7644334700538105,0.8410179114920423,0.8514668793309115,0.8089945452199325,0.8862563967370769,0.09300530825229669,0.18803018,0.6450381679389313,0.18848167539267016,True
BiomedCLIP,BMI,Enlarged Cardiomediastinum,30+,492,306,0.6219512,0.7826094595544311,0.7397448405568383,0.821578567231602,0.8628919426180771,0.8267704787568322,0.8951973307147643,0.07728334667721415,0.18588974,0.738562091503268,0.26881720430107525,True
BiomedCLIP,BMI,Pleural Effusion,<25,4075,2891,0.70944786,0.9029721199061393,0.8927830875894595,0.9127244892237933,0.9552564028069772,0.949546598431257,0.9612458801240074,0.08643673719438308,0.12064966,0.8650985818056036,0.22212837837837837,True
BiomedCLIP,BMI,Pleural Effusion,25-30,2741,1715,0.6256841,0.8852715689450383,0.8725811847533502,0.8975954019701117,0.9234416104951435,0.9120644540143957,0.9340542225011984,0.08025279849093572,0.13949817,0.8239067055393586,0.2124756335282651,True
BiomedCLIP,BMI,Pleural Effusion,30+,3281,2108,0.64248705,0.8902261671932201,0.8781761664875385,0.9010282098067602,0.9324827822843312,0.9216577146397422,0.9413704357916853,0.07577640075476132,0.13433681,0.8339658444022771,0.21994884910485935,True
BiomedCLIP,BMI,Pneumonia,<25,1902,872,0.45846477,0.7840496125411954,0.7635979463462204,0.8028492571680692,0.7642990898872021,0.7374389810386133,0.7926779583927486,0.05657349548818687,0.19093427,0.7006880733944955,0.2912621359223301,True
BiomedCLIP,BMI,Pneumonia,25-30,1512,551,0.364418,0.7579672565820162,0.7304028703638421,0.7837998094615902,0.6744402816007334,0.6352079835099994,0.7152953434666043,0.08752657715526838,0.19228393,0.6424682395644283,0.2299687825182102,True
BiomedCLIP,BMI,Pneumonia,30+,1553,505,0.32517707,0.7309783840979518,0.7051021537880039,0.7564569747642107,0.604981234032098,0.5604727621465768,0.6493366957065853,0.09481961882198847,0.19371948,0.5544554455445545,0.21469465648854963,True
BiomedCLIP,BMI,Pneumothorax,<25,2721,750,0.27563396,0.7285858278369695,0.7068498884062671,0.7491541296095816,0.5424876914214134,0.5058049188554019,0.581150043063473,0.2578977410493638,0.24003774,0.7653333333333333,0.46930492135971585,True
BiomedCLIP,BMI,Pneumothorax,25-30,1841,334,0.18142314,0.6838883612999614,0.6529885291733548,0.7135135588831295,0.3317708839590492,0.28628502445753695,0.38148443121403075,0.2586033002052017,0.21212552,0.5449101796407185,0.2913072329130723,True
BiomedCLIP,BMI,Pneumothorax,30+,2073,281,0.13555235,0.638543784951703,0.6008872044175205,0.674242767880749,0.24694671812850238,0.20311065015980825,0.2986383315234787,0.24265997496007208,0.18162659,0.3914590747330961,0.20814732142857142,True
CLIP-ViT-B16,Gender,Cardiomegaly,Female,4246,3117,0.73410267,0.802180846030497,0.7857444230314634,0.8175268781040966,0.9099381708469484,0.8998656332901724,0.9199539532171699,0.16372162548476832,0.17587477,0.7083734359961501,0.2533215234720992,True
CLIP-ViT-B16,Gender,Cardiomegaly,Male,5177,3810,0.73594743,0.7825828922079694,0.7683006669833213,0.7962026669683819,0.898104183054169,0.8877320594573861,0.9078487800432212,0.1849631647506874,0.18913093,0.6556430446194226,0.24433065106071689,True
CLIP-ViT-B16,Gender,Consolidation,Female,1322,732,0.5537065,0.8646082245068074,0.8453469354734842,0.8845700366860517,0.8932486392248349,0.8736692885792842,0.9122547448844437,0.05181111086515002,0.151084,0.7513661202185792,0.16610169491525423,True
CLIP-ViT-B16,Gender,Consolidation,Male,1566,981,0.62643677,0.8560286468543348,0.836860363632904,0.873410744364165,0.9085384696723544,0.8913289549604164,0.9235042209604009,0.07065668300574462,0.15447617,0.764525993883792,0.2188034188034188,True
CLIP-ViT-B16,Gender,Edema,Female,3807,2079,0.5460993,0.8625335141538846,0.8507764275671815,0.8737463602518803,0.867742688811367,0.8522006839138271,0.8820564516975128,0.021084985959739677,0.14885604,0.7873977873977874,0.21296296296296297,True
CLIP-ViT-B16,Gender,Edema,Male,4454,2338,0.5249214,0.851860281597216,0.8409227241241235,0.8632769725394416,0.8511127358013495,0.8368794601413738,0.8671022881416909,0.014384759810000832,0.15576662,0.7775876817792986,0.23109640831758035,True
CLIP-ViT-B16,Gender,Enlarged Cardiomediastinum,Female,882,536,0.60770977,0.7794840824777844,0.7481273891630131,0.8106640041846818,0.8252849199805371,0.791338881458539,0.8602562326126969,0.08427898023201495,0.19071749,0.7182835820895522,0.2774566473988439,True
CLIP-ViT-B16,Gender,Enlarged Cardiomediastinum,Male,1124,639,0.56850535,0.7819660229417743,0.7553891431555305,0.8097025678150221,0.8140708316370752,0.7802875546387832,0.8472957913419915,0.052234194768440254,0.18963672,0.7386541471048513,0.2907216494845361,True
CLIP-ViT-B16,Gender,Pleural Effusion,Female,5712,3893,0.68154764,0.8522022654665404,0.8417037888089406,0.8621835033628004,0.9147802711971643,0.9064454741133253,0.9229651326581453,0.10179209144373819,0.14943305,0.8165938864628821,0.28257284222100054,True
CLIP-ViT-B16,Gender,Pleural Effusion,Male,6990,4734,0.67725325,0.8388128301527804,0.8286274252114103,0.8488975738370621,0.9105058150622033,0.9032143540337428,0.9181769482159139,0.1159674074170373,0.16203447,0.7824250105618927,0.2708333333333333,True
CLIP-ViT-B16,Gender,Pneumonia,Female,2800,1128,0.40285715,0.7223713902745258,0.7029427145878754,0.7419063776796527,0.6429306448529472,0.6138860181364789,0.6721442865052765,0.07253742415990148,0.2103023,0.6081560283687943,0.26495215311004783,True
CLIP-ViT-B16,Gender,Pneumonia,Male,3183,1324,0.41595978,0.7384143279448879,0.7218407680584761,0.7563002876935987,0.6769383893858538,0.6513250788377882,0.7032453710034859,0.08433088372797103,0.2082287,0.6691842900302115,0.3189887036040882,True
CLIP-ViT-B16,Gender,Pneumothorax,Female,3465,635,0.18326119,0.6995206032108177,0.6778455461999214,0.7228089489224601,0.36867541596551,0.3349003825344207,0.40590536712087827,0.27113864004052907,0.21879481,0.6440944881889764,0.35441696113074206,True
CLIP-ViT-B16,Gender,Pneumothorax,Male,4825,994,0.20601036,0.664630172052939,0.6447934860337889,0.6839005018160719,0.3539865140153192,0.32731929162640616,0.38538079921631885,0.24975709653888964,0.22339842,0.5724346076458753,0.3356825894022448,True
CLIP-ViT-B16,Age,Cardiomegaly,<50,1629,953,0.5850215,0.8075557100902164,0.7871524770078325,0.8303013714054974,0.8340153287035887,0.8091439716342675,0.8599331885438755,0.10988839154067107,0.18621112,0.6201469045120671,0.1863905325443787,True
CLIP-ViT-B16,Age,Cardiomegaly,50-70,3968,2813,0.7089214,0.785135033233149,0.7709897623236641,0.8001414433468033,0.8906042143528704,0.8787522993054399,0.9023627214606987,0.1617487931488863,0.1886032,0.6605047991468184,0.24155844155844156,True
CLIP-ViT-B16,Age,Cardiomegaly,70+,3826,3161,0.8261892,0.7600497605925601,0.7391675342000746,0.779278422121536,0.9323454616445486,0.9222496822594982,0.9410774265848502,0.21743047449268474,0.17621009,0.7140145523568491,0.3233082706766917,True
CLIP-ViT-B16,Age,Consolidation,<50,589,303,0.51443124,0.8540354035403541,0.8270651035236671,0.8829012925695215,0.8738023735537374,0.8427842744348282,0.901936508013075,0.060302609890851185,0.15906902,0.66996699669967,0.14335664335664336,True
CLIP-ViT-B16,Age,Consolidation,50-70,1206,707,0.58623546,0.8710546977972919,0.852468704615953,0.8913108411398439,0.9083393982670258,0.8914238501012769,0.9260308523828388,0.06710461323237539,0.1493357,0.7496463932107497,0.1683366733466934,True
CLIP-ViT-B16,Age,Consolidation,70+,1093,703,0.6431839,0.8495094284567968,0.8260943359814761,0.8723309943548279,0.9068816156253425,0.8827725446202765,0.9268585255011088,0.05887986795954604,0.1535702,0.8065433854907539,0.258974358974359,True
CLIP-ViT-B16,Age,Edema,<50,1290,527,0.40852714,0.8714029559737478,0.8544379241238945,0.8906232659823335,0.8191023026565835,0.7881518903138138,0.8492611870437955,0.029286787312391194,0.14350408,0.7552182163187856,0.1743119266055046,True
CLIP-ViT-B16,Age,Edema,50-70,3485,1778,0.5101865,0.8643295686457471,0.8521255834226127,0.8761155397865004,0.8535380280815474,0.8366776964187095,0.8717966194241026,0.01874905211190924,0.14900912,0.7744656917885264,0.2032806092560047,True
CLIP-ViT-B16,Age,Edema,70+,3486,2112,0.605852,0.8355384494508403,0.8223014007202744,0.8493747794457738,0.8732365939035573,0.8577418031194789,0.8877771438311722,0.03075454807271235,0.15951304,0.7954545454545454,0.27438136826783116,True
CLIP-ViT-B16,Age,Enlarged Cardiomediastinum,<50,483,225,0.46583852,0.7439276485788116,0.6992613396137939,0.787409904400474,0.7000618914921202,0.6338328050572173,0.7685035540293063,0.06352609149170713,0.20688891,0.5866666666666667,0.22093023255813954,True
CLIP-ViT-B16,Age,Enlarged Cardiomediastinum,50-70,891,516,0.57912457,0.7998656330749354,0.7692343160926844,0.8297437497394066,0.8461233185949892,0.8144751767696639,0.8777014673052272,0.06566997909318452,0.18338703,0.7151162790697675,0.24533333333333332,True
CLIP-ViT-B16,Age,Enlarged Cardiomediastinum,70+,632,434,0.68670887,0.7439836149513569,0.7003931886978549,0.7842327396712828,0.8442446028949142,0.8023350172080159,0.882685582356062,0.09066380202015745,0.18677108,0.8202764976958525,0.4444444444444444,True
CLIP-ViT-B16,Age,Pleural Effusion,<50,2081,1084,0.5209034,0.8559766013908885,0.8401105961878975,0.871090920263669,0.8613744670488553,0.8417369091396376,0.8800849402831481,0.06261051319815229,0.15868078,0.7250922509225092,0.19658976930792377,True
CLIP-ViT-B16,Age,Pleural Effusion,50-70,5288,3405,0.64391077,0.8443016307123868,0.8340565614555377,0.8551007764903482,0.8974923821697267,0.887027278468213,0.9072001435999918,0.10645026155731974,0.16192566,0.7706314243759178,0.24375995751460436,True
CLIP-ViT-B16,Age,Pleural Effusion,70+,5333,4138,0.7759235,0.8168304377632758,0.8034803912310826,0.8302306607868549,0.9339165566995233,0.9269936178605439,0.9404667466290946,0.13104198454480534,0.14995405,0.8392943450942484,0.39330543933054396,True
CLIP-ViT-B16,Age,Pneumonia,<50,1330,499,0.37518796,0.7291116529087056,0.6994044979152254,0.7580190677839664,0.646738800319783,0.5992830351342339,0.6884580491527215,0.06928721403044866,0.20014088,0.5370741482965932,0.2009626955475331,True
CLIP-ViT-B16,Age,Pneumonia,50-70,2601,1045,0.40176857,0.7390985350733693,0.719856083455626,0.7589381286443821,0.675415022676644,0.6458273140051778,0.7061334920595438,0.0723017553144673,0.20330141,0.6287081339712919,0.26413881748071977,True
CLIP-ViT-B16,Age,Pneumonia,70+,2052,908,0.44249514,0.7130855103046734,0.6912294327944539,0.7341026492290763,0.656910382982599,0.624968209750298,0.691844799885313,0.09848532185946057,0.22254586,0.7125550660792952,0.40034965034965037,True
CLIP-ViT-B16,Age,Pneumothorax,<50,1761,441,0.2504259,0.7126623376623376,0.6847416939989786,0.7408530898310032,0.4638273785376981,0.41688857120540374,0.5137902807793636,0.20770243174528144,0.21321204,0.6326530612244898,0.31136363636363634,True
CLIP-ViT-B16,Age,Pneumothorax,50-70,3471,647,0.18640162,0.6707247658620523,0.6470589212567498,0.6936137086624528,0.34645982307452483,0.3104911957805404,0.38727259297362543,0.2506635372798747,0.21315777,0.5641421947449768,0.31409348441926344,True
CLIP-ViT-B16,Age,Pneumothorax,70+,3058,541,0.17691301,0.6659491795898794,0.6412430259462146,0.6901645830161334,0.3114308479381449,0.2815332232341406,0.3490107788794573,0.29717340902897404,0.23567183,0.6173752310536045,0.3937226857369885,True
CLIP-ViT-B16,BMI,Cardiomegaly,<25,2613,1734,0.66360503,0.7857840184859328,0.7664253593525102,0.8041340674563763,0.8666149752022229,0.8485301304655845,0.8824232793484784,0.16424732257238164,0.199433,0.596885813148789,0.19112627986348124,True
CLIP-ViT-B16,BMI,Cardiomegaly,25-30,2148,1545,0.71927375,0.7807327977158436,0.7586409026346024,0.8019630926417877,0.8928148614383966,0.8776351643286979,0.9086457642845165,0.17907847622947098,0.19251429,0.6498381877022654,0.23548922056384744,True
CLIP-ViT-B16,BMI,Cardiomegaly,30+,2735,2198,0.8036563,0.7804733607494878,0.7581765463324878,0.8009851749675094,0.92376525365559,0.911122436193836,0.9359782263303961,0.18613927344462988,0.16595674,0.7511373976342129,0.33519553072625696,True
CLIP-ViT-B16,BMI,Consolidation,<25,945,606,0.64126986,0.844378243134048,0.818944481407687,0.8683177413089658,0.9083773556682452,0.8873916698479637,0.9274363536124621,0.074234959309694,0.15960236,0.7541254125412541,0.2448377581120944,True
CLIP-ViT-B16,BMI,Consolidation,25-30,635,334,0.5259842,0.8372093023255813,0.805423051619889,0.8659429437067181,0.8641328765967892,0.8310841681001938,0.8941069733258755,0.059824340115851304,0.1667568,0.6856287425149701,0.1461794019933555,True
CLIP-ViT-B16,BMI,Consolidation,30+,653,312,0.4777948,0.8391608391608392,0.8080717541579552,0.868359736505582,0.844830508366344,0.8082090659376626,0.8823829131542923,0.05298477763832072,0.16114059,0.6987179487179487,0.15542521994134897,True
CLIP-ViT-B16,BMI,Edema,<25,2176,1107,0.5087316,0.874834267519476,0.8597145264840427,0.8882484167657091,0.8656723777756041,0.8451854879185203,0.8860470608416808,0.01899293008404236,0.14350958,0.8175248419150858,0.22825070159027128,True
CLIP-ViT-B16,BMI,Edema,25-30,1945,946,0.48637533,0.8511936884029907,0.8357114014479426,0.8665859316140139,0.8289172872141617,0.8041932845253045,0.8516242910951127,0.025176894657103138,0.15574361,0.7780126849894292,0.21921921921921922,True
CLIP-ViT-B16,BMI,Edema,30+,2380,1210,0.50840336,0.8505121141484777,0.8355595673230561,0.8660125083907688,0.8424059537152806,0.8212932442647043,0.8650569799395881,0.026350062620677364,0.15857626,0.8272727272727273,0.29743589743589743,True
CLIP-ViT-B16,BMI,Enlarged Cardiomediastinum,<25,605,323,0.5338843,0.778648749533408,0.7432689229236662,0.8138279444939178,0.7775473635638369,0.7300186308375761,0.8330474907733573,0.06968769448355208,0.19610387,0.6439628482972136,0.19858156028368795,True
CLIP-ViT-B16,BMI,Enlarged Cardiomediastinum,25-30,453,262,0.57836646,0.7731705367491307,0.7298796559489091,0.8131966568191235,0.8256002549538017,0.780721259250834,0.8671303015256316,0.08567715677993976,0.19793619,0.6526717557251909,0.24607329842931938,True
CLIP-ViT-B16,BMI,Enlarged Cardiomediastinum,30+,492,306,0.6219512,0.7600498980954389,0.7159661279965753,0.8014249922412281,0.8176001660231915,0.7660467574893004,0.8648021544742669,0.0735762669606422,0.19173627,0.7777777777777778,0.3924731182795699,True
CLIP-ViT-B16,BMI,Pleural Effusion,<25,4075,2891,0.70944786,0.8571495765049033,0.8439818926356902,0.8700105044012428,0.929213688723202,0.9202161763708451,0.9377808043449425,0.12114110965670254,0.14851673,0.8087167070217918,0.2643581081081081,True
CLIP-ViT-B16,BMI,Pleural Effusion,25-30,2741,1715,0.6256841,0.8346512539853034,0.8179324461258395,0.8490111383521923,0.8869213111085767,0.8708673926103319,0.9007570659547861,0.10288033356352559,0.16856961,0.751603498542274,0.253411306042885,True
CLIP-ViT-B16,BMI,Pleural Effusion,30+,3281,2108,0.64248705,0.8417318994258869,0.8272028230611754,0.8552628608896212,0.8956728933855503,0.8819209393778721,0.9082483069767534,0.10048102349024726,0.16170195,0.7808349146110057,0.257459505541347,True
CLIP-ViT-B16,BMI,Pneumonia,<25,1902,872,0.45846477,0.7411630444464238,0.7183443521214479,0.7635938651560455,0.7112469337967887,0.6790572445972329,0.7428837718286025,0.050292492523930435,0.20667689,0.6720183486238532,0.3048543689320388,True
CLIP-ViT-B16,BMI,Pneumonia,25-30,1512,551,0.364418,0.7067615214792516,0.6774184397130658,0.7333441939672817,0.5854719678734233,0.5379687030370767,0.6273824933740048,0.10171614505508274,0.21314548,0.5989110707803993,0.28407908428720086,True
CLIP-ViT-B16,BMI,Pneumonia,30+,1553,505,0.32517707,0.6932204670848765,0.6651935736571065,0.721510407150064,0.5331884180258408,0.48760520462593887,0.5830748397295646,0.12106200964390963,0.21130784,0.5465346534653466,0.2566793893129771,True
CLIP-ViT-B16,BMI,Pneumothorax,<25,2721,750,0.27563396,0.6993566717402333,0.6771270690515904,0.7203724597380554,0.49003433760791804,0.45590885402458875,0.5286739010149815,0.2667275178234221,0.25331283,0.772,0.5104008117706748,True
CLIP-ViT-B16,BMI,Pneumothorax,25-30,1841,334,0.18142314,0.6353543741978551,0.6011731323149367,0.6657719317300566,0.2696173054367377,0.2338576640625133,0.31514906214493965,0.25243099618628256,0.21721388,0.5,0.3218314532183145,True
CLIP-ViT-B16,BMI,Pneumothorax,30+,2073,281,0.13555235,0.6318751588713777,0.5989483859352801,0.6671825241732636,0.21528873278899738,0.18172023733729198,0.26178719025125013,0.22791830155939166,0.17523912,0.30604982206405695,0.16517857142857142,True
ConvNeXtV2-Base,Gender,Cardiomegaly,Female,4246,3117,0.73410267,0.821828380210469,0.8072261745826775,0.8364557295648248,0.9211711195505801,0.9123582205531828,0.9302383425753094,0.14216067883424247,0.16376531,0.7831247994866859,0.30823737821080605,True
ConvNeXtV2-Base,Gender,Cardiomegaly,Male,5177,3810,0.73594743,0.8174713484515973,0.803759977555927,0.8296049696911026,0.9140469266328084,0.9045765104145922,0.9233880935698664,0.17123739441659935,0.17414041,0.7498687664041995,0.2648134601316752,True
ConvNeXtV2-Base,Gender,Consolidation,Female,1322,732,0.5537065,0.8900736315643234,0.8731705678756809,0.906712052402262,0.9123780832616761,0.8944340689631928,0.9293532730544499,0.0473809229286103,0.13463376,0.8155737704918032,0.17457627118644067,True
ConvNeXtV2-Base,Gender,Consolidation,Male,1566,981,0.62643677,0.8714393998797668,0.8543196337347281,0.8880782103390117,0.9166452140901183,0.8996275469364018,0.9322318064639075,0.0602075662820732,0.14403564,0.8236493374108053,0.24102564102564103,True
ConvNeXtV2-Base,Gender,Edema,Female,3807,2079,0.5460993,0.8892883308392567,0.8779865743391114,0.8984597013148241,0.8958588234138767,0.8815974826969232,0.9071284237135533,0.013680523065231213,0.13269456,0.8191438191438192,0.2013888888888889,True
ConvNeXtV2-Base,Gender,Edema,Male,4454,2338,0.5249214,0.8885230821101517,0.8793848783705094,0.8981070529999876,0.8877582404308377,0.8747346969957558,0.9007377016453787,0.01941907154935649,0.13428926,0.7917023096663816,0.16871455576559546,True
ConvNeXtV2-Base,Gender,Enlarged Cardiomediastinum,Female,882,536,0.60770977,0.7959354240358899,0.7651341702834189,0.824030234233066,0.8504805954285246,0.8183984544410545,0.8775228408051239,0.0762429590972643,0.18419912,0.7723880597014925,0.3236994219653179,True
ConvNeXtV2-Base,Gender,Enlarged Cardiomediastinum,Male,1124,639,0.56850535,0.7845312424374427,0.7588791449933667,0.8129312583385778,0.8251100081908219,0.7944465771109386,0.8570555227010458,0.043799624430327234,0.18894708,0.7715179968701096,0.3134020618556701,True
ConvNeXtV2-Base,Gender,Pleural Effusion,Female,5712,3893,0.68154764,0.8930315290818849,0.884005418986422,0.9017189155912259,0.94093128229843,0.9344001707366199,0.9478879507265864,0.08527881241108731,0.12698796,0.8132545594657077,0.1863661352391424,True
ConvNeXtV2-Base,Gender,Pleural Effusion,Male,6990,4734,0.67725325,0.8689598239834365,0.8597557001971392,0.8773486778822329,0.9264269373232913,0.9192354681315066,0.9331099968641042,0.10340985949331086,0.14587961,0.7642585551330798,0.19281914893617022,True
ConvNeXtV2-Base,Gender,Pneumonia,Female,2800,1128,0.40285715,0.7486458227289694,0.729681859111999,0.7658363080901565,0.6759155036536462,0.6484037354899422,0.7052657691242709,0.07069929101637432,0.20130101,0.5709219858156028,0.20933014354066987,True
ConvNeXtV2-Base,Gender,Pneumonia,Male,3183,1324,0.41595978,0.7542692608344479,0.7369859029809205,0.7711239181839702,0.6966762413342164,0.6702748349210738,0.7222511231283053,0.08517929299743603,0.20252693,0.6397280966767371,0.2350726196880043,True
ConvNeXtV2-Base,Gender,Pneumothorax,Female,3465,635,0.18326119,0.7359934336829805,0.7141259489810942,0.7587053537459212,0.45452157589654785,0.41732334338647015,0.49179942743830296,0.2317533796354806,0.19385868,0.6456692913385826,0.272791519434629,True
ConvNeXtV2-Base,Gender,Pneumothorax,Male,4825,994,0.20601036,0.6903343842748477,0.6716402644804287,0.7086327146029328,0.4018244068377426,0.37454799237404485,0.4354958239965623,0.23680210711270416,0.21673277,0.6066398390342053,0.3286348211955103,True
ConvNeXtV2-Base,Age,Cardiomegaly,<50,1629,953,0.5850215,0.8302355687737881,0.8101885132837676,0.8503192640031548,0.8546280756897304,0.8307662523718168,0.878765984608886,0.12984098940447403,0.18305242,0.6558237145855194,0.16124260355029585,True
ConvNeXtV2-Base,Age,Cardiomegaly,50-70,3968,2813,0.7089214,0.8152181507318371,0.8010749334075582,0.8294684584436758,0.9088036662489637,0.8981692757498642,0.9195922492776653,0.14690508542867797,0.17439196,0.745111980092428,0.2805194805194805,True
ConvNeXtV2-Base,Age,Cardiomegaly,70+,3826,3161,0.8261892,0.7819115964539631,0.7621106432962846,0.8001040250173993,0.9376737532422106,0.9281073747952087,0.945569312312629,0.18182958681204528,0.15857099,0.8152483391331857,0.41654135338345866,True
ConvNeXtV2-Base,Age,Consolidation,<50,589,303,0.51443124,0.8763876387638764,0.8475092930205684,0.9036442419448704,0.8813629865496084,0.8395663578909643,0.9165313329973094,0.057006549121770875,0.14484568,0.7656765676567657,0.14335664335664336,True
ConvNeXtV2-Base,Age,Consolidation,50-70,1206,707,0.58623546,0.8815254270918075,0.8641804505998398,0.9007254479011136,0.9174807240809525,0.9007576879841159,0.9340582485286139,0.05574504069823333,0.14006123,0.8175388967468176,0.20641282565130262,True
ConvNeXtV2-Base,Age,Consolidation,70+,1093,703,0.6431839,0.8793631688368531,0.8589937509784189,0.8994115082427254,0.9269323974033847,0.9096388296764041,0.9423454071465083,0.05936579778790474,0.1366127,0.8463726884779517,0.2564102564102564,True
ConvNeXtV2-Base,Age,Edema,<50,1290,527,0.40852714,0.9026923583875694,0.8871515316013281,0.91827800416519,0.867595849777761,0.8406189148245939,0.890914527316988,0.014934345259684926,0.12322213,0.7343453510436433,0.12057667103538663,True
ConvNeXtV2-Base,Age,Edema,50-70,3485,1778,0.5101865,0.894204898377158,0.8826448846475862,0.904354979909129,0.8830057102912772,0.8661902862128348,0.8975980492253913,0.01508109566128921,0.13002267,0.8020247469066367,0.16637375512595196,True
ConvNeXtV2-Base,Age,Edema,70+,3486,2112,0.605852,0.8705897677649861,0.8583830755772848,0.8825505280036353,0.9038905036575509,0.8904388631563531,0.9159550486806383,0.023988263675119095,0.1409085,0.8243371212121212,0.23944687045123728,True
ConvNeXtV2-Base,Age,Enlarged Cardiomediastinum,<50,483,225,0.46583852,0.7495779500430664,0.7037549532852896,0.7939449805911816,0.7193850761591167,0.6554146861980418,0.7811123434212781,0.08545513148756995,0.2062471,0.5822222222222222,0.1744186046511628,True
ConvNeXtV2-Base,Age,Enlarged Cardiomediastinum,50-70,891,516,0.57912457,0.8119018087855299,0.7838639698072216,0.839498634771407,0.8649481313739493,0.8378719409469575,0.8902915879665965,0.05723422682111379,0.17755404,0.7732558139534884,0.29333333333333333,True
ConvNeXtV2-Base,Age,Enlarged Cardiomediastinum,70+,632,434,0.68670887,0.7398175301401109,0.6988702916767388,0.7806267781988283,0.8528055541348774,0.8162206177849801,0.8845676603286344,0.06641822896567703,0.18516159,0.868663594470046,0.5505050505050505,True
ConvNeXtV2-Base,Age,Pleural Effusion,<50,2081,1084,0.5209034,0.8875427019064573,0.8735809408709236,0.9005191861952618,0.8950553084977575,0.8778748585756873,0.9102276820869557,0.07740247623385402,0.14309515,0.6928044280442804,0.1123370110330993,True
ConvNeXtV2-Base,Age,Pleural Effusion,50-70,5288,3405,0.64391077,0.8729718643430711,0.8631499857911942,0.8823332292387884,0.9203292723228316,0.9120455093316429,0.92802838597608,0.09969249052318227,0.14755233,0.7459618208516887,0.1688794476898566,True
ConvNeXtV2-Base,Age,Pleural Effusion,70+,5333,4138,0.7759235,0.8619858602077692,0.8500616851466416,0.8737433491989663,0.9487687431331469,0.942309252935229,0.9547026863179853,0.09782465855866396,0.12507333,0.8441275978733688,0.2878661087866109,True
ConvNeXtV2-Base,Age,Pneumonia,<50,1330,499,0.37518796,0.7458768318827789,0.715218735913985,0.7714348241561745,0.6748639208543266,0.6319090984236844,0.7149039693340055,0.07203642989235713,0.19413052,0.531062124248497,0.15764139590854392,True
ConvNeXtV2-Base,Age,Pneumonia,50-70,2601,1045,0.40176857,0.7589463844233157,0.7389787937735701,0.778451465934803,0.6952835769313617,0.665356020126234,0.7272231154835705,0.07274018089125497,0.19655856,0.5904306220095694,0.19601542416452442,True
ConvNeXtV2-Base,Age,Pneumonia,70+,2052,908,0.44249514,0.7389367240688827,0.7184384428963106,0.7594731867762968,0.6850267213490062,0.6506744695274999,0.7171234095150016,0.09486919488997488,0.21386142,0.670704845814978,0.3068181818181818,True
ConvNeXtV2-Base,Age,Pneumothorax,<50,1761,441,0.2504259,0.7406685906685907,0.7129573455511882,0.7673400034968307,0.5240261921829601,0.4748789404485836,0.5751319271857271,0.18691884370045794,0.19967897,0.6530612244897959,0.2825757575757576,True
ConvNeXtV2-Base,Age,Pneumothorax,50-70,3471,647,0.18640162,0.6863252054590592,0.662221337137323,0.7097089550918819,0.38927852725567924,0.353340196304745,0.4288005562024923,0.22763343020582427,0.20274739,0.5687789799072643,0.27939093484419264,True
ConvNeXtV2-Base,Age,Pneumothorax,70+,3058,541,0.17691301,0.7182346733524418,0.6945726580257839,0.7425717492376973,0.3962327884794948,0.3578109093478704,0.4412845829011064,0.27170981611250034,0.21650918,0.6598890942698706,0.3452522844656337,True
ConvNeXtV2-Base,BMI,Cardiomegaly,<25,2613,1734,0.66360503,0.8110775194103605,0.7933191003507224,0.8275122440477932,0.8904369197488615,0.8766890037086802,0.9039340598069757,0.14577480112735314,0.18546715,0.6943483275663207,0.2366325369738339,True
ConvNeXtV2-Base,BMI,Cardiomegaly,25-30,2148,1545,0.71927375,0.8291627085714899,0.8105582872700255,0.8483829801215015,0.9210023746049002,0.909493797929259,0.9338260528168817,0.16484571120994826,0.17224272,0.7417475728155339,0.25207296849087896,True
ConvNeXtV2-Base,BMI,Cardiomegaly,30+,2735,2198,0.8036563,0.8085630580026196,0.7862587234774239,0.8273923927720109,0.9344771054949044,0.9233440355375453,0.9456232192197643,0.16407868777703105,0.15237506,0.8234758871701547,0.36312849162011174,True
ConvNeXtV2-Base,BMI,Consolidation,<25,945,606,0.64126986,0.8614932289689146,0.8376381146025706,0.88464993217347,0.9174395155337531,0.8969608310483214,0.9350523967962125,0.0701377267402316,0.14929052,0.8267326732673267,0.2536873156342183,True
ConvNeXtV2-Base,BMI,Consolidation,25-30,635,334,0.5259842,0.8504585513358665,0.8190478714226981,0.8778174109787068,0.8748409087869378,0.8428670835353059,0.9038173831188583,0.05455187554434529,0.15867586,0.7604790419161677,0.2059800664451827,True
ConvNeXtV2-Base,BMI,Consolidation,30+,653,312,0.4777948,0.8706951650500039,0.8413514921214252,0.8972814469689468,0.8762237197695063,0.8428632793150052,0.9069185801938471,0.04693818454035939,0.14258362,0.7596153846153846,0.15835777126099707,True
ConvNeXtV2-Base,BMI,Edema,<25,2176,1107,0.5087316,0.8977034485031473,0.8839421753684853,0.9103933863703921,0.8869767713380693,0.8662298597525745,0.9059568225564184,0.017245066071422226,0.12781759,0.8464317976513098,0.1992516370439663,True
ConvNeXtV2-Base,BMI,Edema,25-30,1945,946,0.48637533,0.8855488681070077,0.8715467438720725,0.8994257882910495,0.8737733608655741,0.8553913568054212,0.8931524197632185,0.021862685236036013,0.13699888,0.8044397463002114,0.1881881881881882,True
ConvNeXtV2-Base,BMI,Edema,30+,2380,1210,0.50840336,0.8823762096489369,0.8685722088830227,0.8958599819683664,0.8749335338517474,0.8557171380011812,0.8929595492490536,0.017946660977263912,0.13859124,0.8305785123966942,0.24017094017094018,True
ConvNeXtV2-Base,BMI,Enlarged Cardiomediastinum,<25,605,323,0.5338843,0.7874206793579693,0.7517375216107474,0.8213125737309555,0.7972316057471573,0.7536855949332033,0.8442132771520534,0.060873720394678345,0.19144978,0.7089783281733746,0.2375886524822695,True
ConvNeXtV2-Base,BMI,Enlarged Cardiomediastinum,25-30,453,262,0.57836646,0.7874585348307421,0.745510555466733,0.8259505492455664,0.8319308589897438,0.7836978711526218,0.8727248114745987,0.08747196128431536,0.19291735,0.7099236641221374,0.2617801047120419,True
ConvNeXtV2-Base,BMI,Enlarged Cardiomediastinum,30+,492,306,0.6219512,0.7637922552533558,0.7192708870222613,0.8096073744481235,0.8463943760625212,0.8059414071621462,0.8841653801502846,0.05429154549672352,0.19167455,0.8071895424836601,0.42473118279569894,True
ConvNeXtV2-Base,BMI,Pleural Effusion,<25,4075,2891,0.70944786,0.8894662021931998,0.8777015399726583,0.9000349019567704,0.9466926523743343,0.9384469967645622,0.9536082828735465,0.09583151673246745,0.12814961,0.8374264960221377,0.22128378378378377,True
ConvNeXtV2-Base,BMI,Pleural Effusion,25-30,2741,1715,0.6256841,0.8757233219102176,0.862135034846385,0.8886950379026224,0.915111894574731,0.9020530778104965,0.927569054298633,0.08658972366508103,0.14472279,0.7935860058309038,0.2134502923976608,True
ConvNeXtV2-Base,BMI,Pleural Effusion,30+,3281,2108,0.64248705,0.8738823885300346,0.8606102273943014,0.8855374467021537,0.9171323451023413,0.9040609246785833,0.927649636762013,0.09531663661366807,0.14543414,0.790796963946869,0.20545609548167093,True
ConvNeXtV2-Base,BMI,Pneumonia,<25,1902,872,0.45846477,0.7626469671328049,0.7402378022427276,0.7857119759802378,0.7365343475559499,0.7069405053022497,0.7681652000115343,0.0577737863178509,0.1998904,0.7006880733944955,0.31650485436893205,True
ConvNeXtV2-Base,BMI,Pneumonia,25-30,1512,551,0.364418,0.7330367074527253,0.7038903057638904,0.7599590646399461,0.6351099781239958,0.5878899509893061,0.680470079251341,0.09939901324767599,0.20304325,0.6333938294010889,0.2611862643080125,True
ConvNeXtV2-Base,BMI,Pneumonia,30+,1553,505,0.32517707,0.7214779684075278,0.6943402669827776,0.7480720930285188,0.5622720074620384,0.5171008349913615,0.6100598510875057,0.11110403024125544,0.20207463,0.5782178217821782,0.2480916030534351,True
ConvNeXtV2-Base,BMI,Pneumothorax,<25,2721,750,0.27563396,0.7445682394723491,0.7235597516603334,0.7667177304401754,0.5573755124475552,0.5214534768391801,0.5990381980632302,0.25479538903565846,0.238543,0.8013333333333333,0.45256215119228815,True
ConvNeXtV2-Base,BMI,Pneumothorax,25-30,1841,334,0.18142314,0.670738152096603,0.6375578375869034,0.7004300516109845,0.32490322233321156,0.28049089118594506,0.3743138380267812,0.22900082727025084,0.20402107,0.5329341317365269,0.2773722627737226,True
ConvNeXtV2-Base,BMI,Pneumothorax,30+,2073,281,0.13555235,0.6647079149720386,0.62972344564956,0.6978964867919212,0.25209274586238195,0.20942306975395256,0.301611055584762,0.19852184579027946,0.16440715,0.3701067615658363,0.1640625,True
